,Player_Id,Player,Assists,Shifts,BLOCK,GOAL (BACKHAND),GOAL (DEFLECTED),GOAL (SLAP SHOT),GOAL (SNAP SHOT),GOAL (TIP-IN),GOAL (WRAP-AROUND),GOAL (WRIST SHOT),HIT,PENL (FIGHTING),PENL (OTHER)
0,8465009,ZDENO CHARA,12.0,1730,90.0,0.0,0.0,2.0,0.0,0.0,0.0,0.0,125.0,6.0,20.0
1,8466138,JOE THORNTON,5.0,530,10.0,0.0,0.0,0.0,0.0,3.0,0.0,2.0,20.0,0.0,5.0
2,8469455,JASON SPEZZA,14.0,1208,24.0,0.0,1.0,3.0,1.0,0.0,0.0,7.0,39.0,0.0,14.0
3,8470281,DUNCAN KEITH,24.0,1920,143.0,0.0,0.0,0.0,0.0,0.0,0.0,2.0,30.0,0.0,13.0
4,8470600,RYAN SUTER,28.0,2387,99.0,1.0,1.0,1.0,1.0,0.0,0.0,3.0,51.0,0.0,21.0
5,8470604,JEFF CARTER,27.0,1996,54.0,2.0,1.0,1.0,2.0,4.0,0.0,12.0,113.0,0.0,20.0
6,8470606,DUSTIN BROWN,21.0,1374,23.0,1.0,0.0,0.0,2.0,0.0,0.0,4.0,112.0,0.0,10.0
7,8470610,ZACH PARISE,20.0,1760,57.0,4.0,1.0,2.0,1.0,1.0,0.0,6.0,60.0,0.0,12.0
8,8470612,RYAN GETZLAF,34.0,1286,56.0,1.0,0.0,1.0,1.0,0.0,0.0,0.0,89.0,1.0,12.0
9,8470613,BRENT BURNS,44.0,2428,149.0,0.0,1.0,7.0,1.0,0.0,0.0,1.0,55.0,0.0,20.0
10,8470619,BRIAN BOYLE,12.0,1136,46.0,1.0,0.0,0.0,2.0,2.0,0.0,5.0,104.0,3.0,5.0
11,8470621,COREY PERRY,26.0,1785,39.0,2.0,0.0,0.0,2.0,5.0,0.0,14.0,95.0,2.0,28.0
12,8470626,LOUI ERIKSSON,16.0,1361,23.0,0.0,0.0,0.0,0.0,0.0,0.0,3.0,16.0,0.0,3.0
13,8470638,PATRICE BERGERON,44.0,1878,50.0,3.0,3.0,0.0,7.0,3.0,0.0,11.0,93.0,0.0,17.0
14,8470755,BRAD RICHARDSON,4.0,684,20.0,0.0,0.0,0.0,1.0,0.0,0.0,2.0,59.0,1.0,10.0
15,8470775,NATE THOMPSON,2.0,641,20.0,0.0,0.0,0.0,0.0,0.0,0.0,1.0,49.0,1.0,5.0
16,8470794,JOE PAVELSKI,57.0,2172,79.0,2.0,1.0,1.0,3.0,10.0,0.0,13.0,118.0,0.0,8.0
17,8470966,MARK GIORDANO,29.0,2139,151.0,0.0,0.0,0.0,1.0,0.0,0.0,6.0,81.0,1.0,22.0
18,8471214,ALEX OVECHKIN,45.0,1845,27.0,2.0,1.0,13.0,13.0,1.0,0.0,18.0,185.0,0.0,9.0
19,8471215,EVGENI MALKIN,25.0,1073,21.0,2.0,0.0,4.0,5.0,2.0,0.0,9.0,31.0,0.0,14.0
20,8471217,ANDREW LADD,5.0,988,33.0,0.0,0.0,1.0,1.0,1.0,0.0,4.0,68.0,2.0,15.0
21,8471218,BLAKE WHEELER,40.0,1437,37.0,1.0,3.0,2.0,0.0,2.0,0.0,9.0,61.0,0.0,17.0
22,8471228,ALEXANDER RADULOV,18.0,1320,50.0,0.0,1.0,0.0,1.0,1.0,0.0,1.0,45.0,0.0,15.0
23,8471260,BLAKE COMEAU,,118,3.0,0.0,0.0,0.0,0.0,0.0,0.0,1.0,13.0,0.0,2.0
24,8471274,ALEX GOLIGOSKI,28.0,1715,100.0,0.0,0.0,0.0,0.0,0.0,0.0,2.0,62.0,0.0,18.0
25,8471284,ANDREJ SEKERA,3.0,588,25.0,0.0,0.0,0.0,0.0,0.0,0.0,0.0,15.0,0.0,8.0
26,8471303,ALEXANDER EDLER,18.0,1070,85.0,0.0,0.0,1.0,1.0,0.0,0.0,1.0,74.0,0.0,17.0
27,8471669,PAUL STASTNY,23.0,1548,27.0,1.0,3.0,0.0,3.0,1.0,1.0,11.0,27.0,0.0,7.0
28,8471675,SIDNEY CROSBY,61.0,1881,43.0,1.0,1.0,2.0,4.0,2.0,0.0,23.0,53.0,0.0,18.0
29,8471677,JACK JOHNSON,8.0,1909,74.0,1.0,0.0,0.0,0.0,0.0,0.0,0.0,130.0,1.0,16.0
30,8471685,ANZE KOPITAR,51.0,2171,83.0,2.0,1.0,1.0,5.0,1.0,0.0,7.0,86.0,0.0,8.0
31,8471686,MARC STAAL,13.0,1572,70.0,0.0,0.0,2.0,1.0,0.0,0.0,0.0,94.0,0.0,14.0
32,8471698,TJ OSHIE,15.0,1081,35.0,0.0,4.0,1.0,2.0,3.0,1.0,6.0,110.0,0.0,9.0
33,8471699,ANDREW COGLIANO,14.0,1787,41.0,0.0,1.0,0.0,0.0,1.0,0.0,4.0,111.0,0.0,12.0
34,8471707,JAMES NEAL,2.0,310,3.0,0.0,0.0,0.0,0.0,2.0,0.0,0.0,17.0,0.0,0.0
35,8471709,MARC-EDOUARD VLASIC,11.0,1582,89.0,0.0,0.0,0.0,1.0,0.0,0.0,1.0,53.0,0.0,7.0
36,8471724,KRIS LETANG,61.0,2420,143.0,3.0,0.0,1.0,2.0,0.0,0.0,4.0,186.0,1.0,21.0
37,8471729,KRIS RUSSELL,7.0,704,82.0,0.0,0.0,0.0,1.0,0.0,0.0,1.0,43.0,0.0,2.0
38,8471735,KEITH YANDLE,18.0,1467,40.0,0.0,0.0,1.0,0.0,0.0,0.0,0.0,29.0,0.0,7.0
39,8471794,DARREN HELM,11.0,1417,34.0,1.0,0.0,1.0,1.0,0.0,0.0,6.0,211.0,0.0,12.0
40,8471817,RYAN REAVES,8.0,1245,22.0,0.0,1.0,0.0,0.0,0.0,0.0,3.0,331.0,3.0,20.0
41,8471873,ANTON STRALMAN,15.0,1834,98.0,1.0,0.0,2.0,0.0,0.0,0.0,5.0,95.0,0.0,5.0
42,8471887,PATRIC HORNQVIST,18.0,1273,25.0,0.0,0.0,0.0,1.0,4.0,0.0,5.0,138.0,1.0,9.0
43,8472382,ANDY GREENE,8.0,1691,126.0,0.0,0.0,0.0,0.0,0.0,0.0,2.0,39.0,0.0,5.0
44,8473415,ALEX BIEGA,,38,1.0,0.0,0.0,0.0,0.0,0.0,0.0,0.0,5.0,0.0,0.0
45,8473419,BRAD MARCHAND,55.0,1772,24.0,2.0,0.0,2.0,5.0,3.0,0.0,23.0,91.0,1.0,36.0
46,8473422,NICK FOLIGNO,12.0,1184,36.0,1.0,0.0,0.0,0.0,1.0,0.0,0.0,179.0,5.0,19.0
47,8473446,ERIK JOHNSON,21.0,2378,165.0,0.0,0.0,0.0,0.0,0.0,0.0,8.0,244.0,0.0,14.0
48,8473449,KYLE OKPOSO,24.0,1653,19.0,1.0,2.0,0.0,3.0,3.0,0.0,12.0,59.0,1.0,18.0
49,8473453,TREVOR LEWIS,13.0,1775,46.0,1.0,0.0,0.0,1.0,0.0,0.0,4.0,214.0,0.0,13.0
50,8473463,LEO KOMAROV,,20,0.0,0.0,0.0,0.0,0.0,0.0,0.0,0.0,3.0,0.0,1.0
51,8473473,MILAN LUCIC,12.0,1632,24.0,0.0,1.0,0.0,2.0,1.0,0.0,5.0,233.0,7.0,17.0
52,8473504,CAL CLUTTERBUCK,9.0,1253,23.0,0.0,0.0,0.0,0.0,0.0,0.0,4.0,229.0,0.0,5.0
53,8473507,JEFF PETRY,21.0,1645,115.0,0.0,1.0,2.0,1.0,0.0,0.0,2.0,139.0,0.0,15.0
54,8473512,CLAUDE GIROUX,49.0,2101,18.0,1.0,0.0,5.0,4.0,2.0,1.0,11.0,81.0,0.0,13.0
55,8473533,JORDAN STAAL,24.0,2135,37.0,1.0,4.0,0.0,1.0,2.0,0.0,8.0,263.0,0.0,10.0
56,8473544,DERICK BRASSARD,11.0,878,6.0,0.0,0.0,1.0,0.0,1.0,0.0,6.0,85.0,0.0,8.0
57,8473548,PHIL KESSEL,43.0,1707,21.0,0.0,0.0,0.0,0.0,1.0,0.0,5.0,6.0,0.0,14.0
58,8473563,NICKLAS BACKSTROM,29.0,1116,19.0,1.0,0.0,0.0,0.0,1.0,0.0,5.0,23.0,0.0,8.0
59,8473604,JONATHAN TOEWS,25.0,1651,22.0,1.0,0.0,0.0,2.0,3.0,0.0,6.0,25.0,1.0,16.0
60,8473618,MATHIEU PERREAULT,5.0,362,11.0,0.0,0.0,1.0,0.0,0.0,0.0,0.0,34.0,0.0,2.0
61,8473986,ALEX KILLORN,38.0,2500,42.0,3.0,1.0,0.0,2.0,8.0,0.0,10.0,125.0,0.0,37.0
62,8473994,JAMIE BENN,29.0,2176,67.0,4.0,1.0,0.0,2.0,2.0,0.0,10.0,160.0,4.0,32.0
63,8474009,NICK BONINO,10.0,1863,102.0,1.0,1.0,0.0,2.0,4.0,0.0,6.0,34.0,0.0,8.0
64,8474013,IAN COLE,18.0,1892,130.0,0.0,0.0,2.0,0.0,0.0,0.0,1.0,127.0,2.0,34.0
65,8474027,JUSTIN BRAUN,13.0,2170,141.0,0.0,0.0,2.0,1.0,0.0,0.0,3.0,111.0,0.0,19.0
66,8474031,KEVIN SHATTENKIRK,27.0,2069,135.0,0.0,0.0,2.0,0.0,1.0,0.0,4.0,73.0,0.0,15.0
67,8474034,PAT MAROON,18.0,1608,14.0,6.0,0.0,0.0,0.0,1.0,0.0,6.0,218.0,11.0,24.0
68,8474037,JAMES VAN RIEMSDYK,14.0,1742,25.0,1.0,2.0,0.0,7.0,3.0,0.0,7.0,34.0,1.0,9.0
69,8474038,PAUL BYRON,3.0,491,7.0,0.0,0.0,0.0,0.0,0.0,0.0,3.0,66.0,0.0,1.0
70,8474040,SAM GAGNER,17.0,1434,22.0,0.0,0.0,0.0,1.0,1.0,0.0,8.0,21.0,0.0,15.0
71,8474053,LOGAN COUTURE,32.0,2008,58.0,3.0,1.0,2.0,1.0,3.0,0.0,12.0,91.0,0.0,8.0
72,8474056,PK SUBBAN,17.0,1754,90.0,0.0,0.0,2.0,0.0,0.0,0.0,2.0,69.0,3.0,19.0
73,8474062,RILEY NASH,4.0,872,20.0,0.0,0.0,0.0,0.0,0.0,0.0,0.0,52.0,0.0,6.0
74,8474066,THOMAS HICKEY,,48,3.0,0.0,0.0,0.0,0.0,0.0,0.0,0.0,2.0,0.0,0.0
75,8474068,KYLE TURRIS,3.0,272,6.0,0.0,0.0,0.0,0.0,0.0,0.0,1.0,13.0,0.0,2.0
76,8474089,BRAD MALONE,1.0,137,1.0,0.0,0.0,0.0,0.0,0.0,0.0,1.0,31.0,0.0,2.0
77,8474090,BRENDAN SMITH,7.0,1093,46.0,0.0,0.0,3.0,0.0,0.0,0.0,1.0,99.0,2.0,18.0
78,8474098,COLTON SCEVIOUR,3.0,456,20.0,1.0,0.0,0.0,0.0,0.0,0.0,1.0,41.0,3.0,2.0
79,8474102,DAVID PERRON,34.0,1693,16.0,5.0,1.0,5.0,4.0,0.0,0.0,18.0,96.0,0.0,24.0
80,8474141,PATRICK KANE,66.0,1798,26.0,1.0,1.0,3.0,1.0,2.0,0.0,17.0,11.0,0.0,9.0
81,8474145,ROBERT BORTUZZO,5.0,1820,112.0,0.0,0.0,0.0,0.0,0.0,0.0,1.0,155.0,2.0,16.0
82,8474149,EVGENY DADONOV,23.0,1548,25.0,5.0,1.0,0.0,3.0,2.0,0.0,9.0,65.0,0.0,9.0
83,8474150,MIKAEL BACKLUND,30.0,2252,30.0,1.0,0.0,1.0,3.0,3.0,0.0,9.0,79.0,0.0,19.0
84,8474151,RYAN MCDONAGH,26.0,2460,206.0,0.0,0.0,1.0,1.0,0.0,0.0,3.0,140.0,0.0,13.0
85,8474157,MAX PACIORETTY,17.0,777,21.0,1.0,1.0,1.0,3.0,1.0,0.0,12.0,29.0,1.0,8.0
86,8474161,JAKUB VORACEK,56.0,1618,28.0,0.0,0.0,2.0,2.0,0.0,0.0,2.0,27.0,0.0,11.0
87,8474162,JAKE MUZZIN,12.0,1465,76.0,0.0,0.0,2.0,0.0,0.0,0.0,3.0,130.0,0.0,7.0
88,8474166,ALEC MARTINEZ,5.0,624,68.0,0.0,1.0,0.0,0.0,0.0,0.0,2.0,26.0,0.0,2.0
89,8474176,CARL HAGELIN,11.0,1102,12.0,0.0,0.0,0.0,0.0,0.0,0.0,3.0,32.0,0.0,9.0
90,8474189,LARS ELLER,20.0,1672,39.0,3.0,0.0,1.0,0.0,1.0,0.0,8.0,118.0,0.0,20.0
91,8474190,WAYNE SIMMONDS,11.0,1010,11.0,0.0,0.0,0.0,0.0,2.0,0.0,3.0,154.0,6.0,16.0
92,8474207,NICK HOLDEN,14.0,1915,112.0,0.0,2.0,0.0,0.0,0.0,0.0,3.0,115.0,0.0,6.0
93,8474291,JAY BEAGLE,1.0,698,16.0,0.0,0.0,0.0,0.0,0.0,0.0,1.0,50.0,1.0,6.0
94,8474563,DREW DOUGHTY,24.0,1033,53.0,0.0,0.0,5.0,1.0,0.0,0.0,1.0,60.0,0.0,15.0
95,8474564,STEVEN STAMKOS,72.0,2357,55.0,1.0,1.0,17.0,9.0,3.0,0.0,22.0,153.0,1.0,26.0
96,8474565,ALEX PIETRANGELO,31.0,2155,161.0,1.0,0.0,2.0,0.0,1.0,0.0,6.0,65.0,0.0,11.0
97,8474567,ZACH BOGOSIAN,8.0,1260,52.0,0.0,0.0,2.0,1.0,0.0,0.0,0.0,167.0,4.0,14.0
98,8474568,LUKE SCHENN,12.0,1633,96.0,0.0,0.0,0.0,1.0,0.0,0.0,2.0,273.0,7.0,12.0
99,8474573,JOSH BAILEY,30.0,1649,26.0,2.0,0.0,0.0,1.0,0.0,0.0,8.0,19.0,0.0,3.0
100,8474574,TYLER MYERS,17.0,2248,148.0,0.0,0.0,0.0,0.0,0.0,0.0,1.0,145.0,2.0,22.0
101,8474578,ERIK KARLSSON,25.0,1364,44.0,0.0,0.0,2.0,2.0,0.0,0.0,6.0,17.0,0.0,6.0
102,8474584,MICHAEL DEL ZOTTO,10.0,616,34.0,0.0,0.0,2.0,0.0,0.0,0.0,1.0,42.0,0.0,2.0
103,8474586,JORDAN EBERLE,23.0,1688,40.0,5.0,0.0,2.0,3.0,2.0,0.0,8.0,48.0,0.0,8.0
104,8474589,TYLER ENNIS,16.0,911,24.0,0.0,0.0,0.0,1.0,4.0,0.0,3.0,70.0,0.0,8.0
105,8474590,JOHN CARLSON,58.0,2321,121.0,0.0,0.0,6.0,0.0,0.0,0.0,10.0,87.0,0.0,9.0
106,8474600,ROMAN JOSI,73.0,2331,142.0,1.0,0.0,10.0,3.0,0.0,0.0,8.0,72.0,0.0,22.0
107,8474602,JUSTIN SCHULTZ,21.0,1853,92.0,0.0,0.0,1.0,2.0,0.0,0.0,2.0,46.0,0.0,11.0
108,8474610,ZAC DALPE,,8,1.0,0.0,0.0,0.0,0.0,0.0,0.0,0.0,2.0,0.0,0.0
109,8474612,TRAVIS HAMONIC,6.0,1002,93.0,0.0,0.0,3.0,0.0,1.0,0.0,0.0,73.0,0.0,7.0
110,8474613,DEREK STEPAN,10.0,964,25.0,1.0,0.0,2.0,1.0,2.0,0.0,2.0,35.0,0.0,6.0
111,8474618,MARCO SCANDELLA,11.0,1997,74.0,0.0,1.0,0.0,0.0,0.0,0.0,2.0,114.0,0.0,9.0
112,8474628,MICHAEL STONE,7.0,496,22.0,0.0,0.0,3.0,0.0,1.0,0.0,0.0,40.0,0.0,3.0
113,8474641,ADAM HENRIQUE,23.0,1305,47.0,1.0,3.0,1.0,1.0,5.0,0.0,8.0,22.0,0.0,7.0
114,8474673,TJ BRODIE,26.0,2417,122.0,0.0,0.0,2.0,0.0,1.0,1.0,0.0,66.0,0.0,19.0
115,8474679,GUSTAV NYQUIST,35.0,1858,51.0,4.0,0.0,0.0,2.0,4.0,0.0,5.0,41.0,0.0,13.0
116,8474683,DEREK GRANT,14.0,1442,49.0,1.0,0.0,0.0,1.0,5.0,0.0,6.0,69.0,1.0,6.0
117,8474688,GREG PATERYN,1.0,186,7.0,0.0,0.0,1.0,0.0,0.0,0.0,0.0,18.0,0.0,5.0
118,8474697,MARK BOROWIECKI,4.0,1135,91.0,0.0,0.0,0.0,0.0,0.0,0.0,0.0,205.0,14.0,19.0
119,8474709,MATT MARTIN,4.0,1179,26.0,0.0,0.0,0.0,2.0,0.0,0.0,1.0,235.0,6.0,15.0
120,8474715,CAM ATKINSON,27.0,1838,45.0,0.0,1.0,2.0,5.0,5.0,0.0,8.0,20.0,0.0,3.0
121,8474716,JARED SPURGEON,33.0,1702,90.0,1.0,0.0,3.0,0.0,1.0,0.0,4.0,46.0,0.0,7.0
122,8474722,LUKE WITKOWSKI,,13,0.0,0.0,0.0,0.0,0.0,0.0,0.0,0.0,1.0,0.0,0.0
123,8474818,JORDIE BENN,7.0,763,41.0,0.0,0.0,0.0,0.0,0.0,0.0,1.0,51.0,0.0,5.0
124,8474849,ANTOINE ROUSSEL,4.0,1040,34.0,1.0,0.0,0.0,1.0,1.0,0.0,1.0,74.0,2.0,11.0
125,8474870,TYLER JOHNSON,4.0,445,7.0,0.0,0.0,0.0,0.0,0.0,0.0,3.0,37.0,0.0,6.0
126,8474884,MIKE HOFFMAN,20.0,1350,28.0,1.0,0.0,4.0,2.0,0.0,0.0,7.0,27.0,0.0,17.0
127,8475098,TYLER BOZAK,9.0,1035,24.0,0.0,0.0,1.0,1.0,0.0,0.0,3.0,39.0,0.0,7.0
128,8475149,MARCUS JOHANSSON,21.0,1537,32.0,2.0,0.0,0.0,1.0,1.0,0.0,4.0,41.0,0.0,2.0
129,8475151,KYLE PALMIERI,18.0,1467,18.0,1.0,0.0,1.0,4.0,2.0,0.0,7.0,77.0,3.0,19.0
130,8475158,RYAN O'REILLY,42.0,2188,49.0,2.0,1.0,1.0,5.0,1.0,0.0,18.0,30.0,0.0,7.0
131,8475160,KYLE CLIFFORD,3.0,327,5.0,0.0,1.0,0.0,0.0,0.0,0.0,0.0,51.0,3.0,5.0
132,8475163,ALEX CHIASSON,9.0,1088,18.0,1.0,2.0,0.0,2.0,2.0,0.0,6.0,68.0,0.0,7.0
133,8475164,JAKOB SILFVERBERG,16.0,1264,40.0,0.0,0.0,0.0,0.0,0.0,1.0,3.0,16.0,0.0,14.0
134,8475166,JOHN TAVARES,52.0,1834,52.0,3.0,2.0,1.0,4.0,6.0,0.0,14.0,105.0,0.0,17.0
135,8475167,VICTOR HEDMAN,81.0,2886,171.0,1.0,0.0,10.0,1.0,0.0,0.0,8.0,129.0,0.0,22.0
136,8475168,MATT DUCHENE,43.0,1805,31.0,3.0,2.0,1.0,4.0,1.0,0.0,33.0,40.0,0.0,16.0
137,8475169,EVANDER KANE,21.0,1284,17.0,5.0,2.0,1.0,8.0,2.0,2.0,14.0,208.0,0.0,37.0
138,8475170,BRAYDEN SCHENN,42.0,1630,27.0,2.0,1.0,1.0,6.0,3.0,0.0,11.0,163.0,3.0,16.0
139,8475171,OLIVER EKMAN-LARSSON,24.0,2214,79.0,0.0,0.0,1.0,0.0,0.0,0.0,3.0,105.0,0.0,26.0
140,8475172,NAZEM KADRI,67.0,1995,24.0,3.0,0.0,4.0,0.0,5.0,0.0,21.0,72.0,3.0,24.0
141,8475176,RYAN ELLIS,4.0,117,6.0,0.0,0.0,0.0,1.0,0.0,0.0,0.0,1.0,0.0,0.0
142,8475177,CALVIN DE HAAN,4.0,1718,172.0,0.0,0.0,1.0,0.0,1.0,0.0,2.0,146.0,1.0,12.0
143,8475178,ZACK KASSIAN,15.0,1093,6.0,1.0,0.0,1.0,1.0,1.0,0.0,4.0,206.0,3.0,20.0
144,8475179,DMITRY KULIKOV,18.0,1833,103.0,0.0,0.0,1.0,0.0,0.0,0.0,6.0,104.0,1.0,18.0
145,8475181,NICK LEDDY,25.0,2095,73.0,0.0,0.0,1.0,0.0,0.0,0.0,3.0,48.0,0.0,12.0
146,8475184,CHRIS KREIDER,31.0,2349,48.0,9.0,1.0,3.0,8.0,19.0,0.0,21.0,193.0,0.0,19.0
147,8475186,JOHN MOORE,1.0,163,11.0,0.0,0.0,0.0,0.0,0.0,0.0,0.0,9.0,0.0,2.0
148,8475188,BRAYDEN MCNABB,15.0,1617,177.0,0.0,0.0,1.0,0.0,0.0,0.0,2.0,154.0,2.0,13.0
149,8475191,REILLY SMITH,22.0,1243,23.0,1.0,1.0,1.0,1.0,3.0,0.0,7.0,54.0,0.0,4.0
150,8475193,TOMAS TATAR,14.0,1598,28.0,3.0,1.0,0.0,7.0,0.0,0.0,4.0,73.0,0.0,11.0
151,8475197,TYSON BARRIE,38.0,1898,94.0,1.0,0.0,2.0,4.0,0.0,0.0,1.0,39.0,0.0,13.0
152,8475200,DMITRY ORLOV,24.0,2142,106.0,1.0,0.0,4.0,2.0,0.0,0.0,5.0,143.0,0.0,22.0
153,8475208,BRIAN DUMOULIN,15.0,2115,140.0,0.0,0.0,1.0,0.0,0.0,0.0,2.0,89.0,0.0,11.0
154,8475209,RICHARD PANIK,1.0,75,2.0,0.0,0.0,0.0,0.0,0.0,0.0,0.0,9.0,0.0,0.0
155,8475218,MATTIAS EKHOLM,27.0,2235,104.0,0.0,0.0,3.0,0.0,0.0,1.0,2.0,90.0,0.0,19.0
156,8475220,MARCUS FOLIGNO,21.0,1623,44.0,2.0,0.0,0.0,1.0,5.0,0.0,13.0,263.0,10.0,23.0
157,8475225,CRAIG SMITH,20.0,1529,31.0,1.0,0.0,0.0,4.0,0.0,0.0,10.0,104.0,0.0,15.0
158,8475227,CHRIS WIDEMAN,23.0,1233,46.0,0.0,0.0,1.0,0.0,0.0,0.0,3.0,44.0,1.0,21.0
159,8475231,CASEY CIZIKAS,6.0,1539,43.0,0.0,2.0,0.0,3.0,2.0,0.0,1.0,138.0,0.0,23.0
160,8475233,DAVID SAVARD,13.0,1412,126.0,1.0,0.0,0.0,0.0,0.0,0.0,1.0,133.0,0.0,18.0
161,8475235,NICOLAS DESLAURIERS,5.0,1337,51.0,1.0,1.0,1.0,2.0,0.0,0.0,2.0,275.0,14.0,13.0
162,8475236,CODY EAKIN,8.0,1336,29.0,0.0,0.0,1.0,0.0,0.0,0.0,2.0,33.0,0.0,9.0
163,8475246,KEVIN CONNAUTON,2.0,710,32.0,0.0,0.0,0.0,0.0,0.0,0.0,0.0,74.0,0.0,2.0
164,8475279,BEN CHIAROT,17.0,2124,145.0,0.0,0.0,0.0,0.0,0.0,0.0,7.0,190.0,0.0,24.0
165,8475287,ERIK HAULA,28.0,1658,42.0,0.0,0.0,1.0,8.0,3.0,0.0,5.0,144.0,1.0,24.0
166,8475314,ANDERS LEE,18.0,1613,30.0,5.0,1.0,0.0,5.0,6.0,0.0,10.0,94.0,0.0,17.0
167,8475324,NICK JENSEN,16.0,2031,102.0,0.0,0.0,0.0,2.0,0.0,0.0,3.0,143.0,1.0,9.0
168,8475343,NIC DOWD,15.0,1468,55.0,1.0,1.0,0.0,1.0,1.0,0.0,7.0,159.0,0.0,23.0
169,8475413,JUSTIN DOWLING,2.0,325,9.0,0.0,0.0,0.0,1.0,0.0,0.0,1.0,10.0,0.0,1.0
170,8475455,BRENDEN DILLON,16.0,1893,108.0,0.0,0.0,0.0,1.0,0.0,0.0,1.0,207.0,5.0,21.0
171,8475461,ANDREW AGOZZINO,,10,0.0,0.0,0.0,0.0,0.0,0.0,0.0,0.0,4.0,0.0,0.0
172,8475462,RADKO GUDAS,15.0,2199,129.0,0.0,1.0,1.0,0.0,0.0,0.0,1.0,400.0,7.0,31.0
173,8475625,MATT IRWIN,3.0,286,21.0,0.0,0.0,1.0,0.0,0.0,0.0,0.0,36.0,0.0,2.0
174,8475690,CHRISTOPHER TANEV,23.0,2736,174.0,0.0,0.0,0.0,2.0,0.0,0.0,4.0,56.0,0.0,10.0
175,8475692,MATS ZUCCARELLO,58.0,1465,36.0,0.0,1.0,2.0,1.0,2.0,0.0,18.0,40.0,0.0,12.0
176,8475714,CALLE JARNKROK,21.0,1754,22.0,0.0,0.0,0.0,5.0,0.0,0.0,6.0,54.0,0.0,3.0
177,8475718,JUSTIN HOLL,21.0,1909,111.0,0.0,0.0,0.0,1.0,0.0,0.0,2.0,146.0,1.0,20.0
178,8475722,JASON ZUCKER,11.0,854,22.0,2.0,0.0,0.0,1.0,1.0,0.0,4.0,89.0,1.0,6.0
179,8475726,TYLER TOFFOLI,30.0,1977,24.0,3.0,0.0,3.0,0.0,2.0,0.0,14.0,96.0,0.0,10.0
180,8475728,JOHAN LARSSON,16.0,1025,27.0,1.0,1.0,0.0,3.0,1.0,0.0,1.0,90.0,2.0,12.0
181,8475735,GREG MCKEGG,3.0,650,22.0,0.0,0.0,0.0,0.0,1.0,0.0,1.0,50.0,0.0,2.0
182,8475744,EVGENY KUZNETSOV,57.0,2037,27.0,2.0,1.0,1.0,4.0,0.0,0.0,12.0,44.0,0.0,19.0
183,8475745,CHARLIE COYLE,32.0,1931,45.0,2.0,0.0,0.0,2.0,2.0,0.0,11.0,102.0,0.0,12.0
184,8475747,PATRIK NEMETH,5.0,1490,106.0,0.0,0.0,0.0,0.0,0.0,1.0,1.0,123.0,0.0,18.0
185,8475750,JON MERRILL,17.0,1556,124.0,0.0,0.0,1.0,0.0,0.0,0.0,2.0,49.0,0.0,11.0
186,8475752,TYLER PITLICK,4.0,636,26.0,0.0,0.0,0.0,0.0,0.0,0.0,1.0,70.0,0.0,3.0
187,8475753,JUSTIN FAULK,38.0,2805,120.0,0.0,1.0,2.0,2.0,1.0,0.0,9.0,183.0,2.0,17.0
188,8475754,BROCK NELSON,22.0,1657,43.0,4.0,2.0,2.0,3.0,1.0,0.0,23.0,31.0,1.0,14.0
189,8475760,NICK BJUGSTAD,6.0,796,14.0,0.0,0.0,0.0,1.0,0.0,0.0,5.0,99.0,0.0,7.0
190,8475762,DEREK FORBORT,10.0,1975,118.0,0.0,1.0,1.0,1.0,0.0,0.0,2.0,152.0,2.0,19.0
191,8475763,KEVIN HAYES,21.0,1103,12.0,2.0,1.0,2.0,1.0,0.0,0.0,4.0,36.0,0.0,8.0
192,8475764,CAM FOWLER,33.0,2087,116.0,0.0,0.0,2.0,0.0,1.0,0.0,6.0,37.0,0.0,8.0
193,8475765,VLADIMIR TARASENKO,51.0,1967,48.0,1.0,1.0,2.0,8.0,1.0,0.0,27.0,104.0,0.0,10.0
194,8475766,AUSTIN WATSON,6.0,1234,63.0,1.0,0.0,0.0,2.0,3.0,0.0,3.0,213.0,7.0,24.0
195,8475768,JADEN SCHWARTZ,15.0,838,13.0,3.0,1.0,0.0,2.0,0.0,0.0,2.0,42.0,0.0,7.0
196,8475772,RILEY SHEAHAN,13.0,1218,28.0,0.0,0.0,0.0,0.0,0.0,0.0,3.0,16.0,0.0,1.0
197,8475780,CHRIS WAGNER,,72,1.0,0.0,0.0,0.0,0.0,0.0,0.0,0.0,18.0,0.0,0.0
198,8475784,JEFF SKINNER,30.0,1679,20.0,3.0,0.0,1.0,3.0,3.0,0.0,21.0,29.0,0.0,16.0
199,8475786,ZACH HYMAN,32.0,2135,41.0,9.0,2.0,0.0,5.0,5.0,0.0,16.0,118.0,0.0,19.0
200,8475790,ERIK GUDBRANSON,12.0,2396,105.0,0.0,0.0,2.0,2.0,1.0,0.0,1.0,162.0,6.0,16.0
201,8475791,TAYLOR HALL,43.0,1723,38.0,1.0,0.0,1.0,2.0,4.0,0.0,14.0,61.0,0.0,24.0
202,8475792,BRETT CONNOLLY,1.0,94,3.0,0.0,0.0,0.0,0.0,0.0,0.0,0.0,7.0,0.0,2.0
203,8475793,RYAN JOHANSEN,38.0,1764,34.0,7.0,3.0,3.0,1.0,0.0,0.0,11.0,81.0,1.0,24.0
204,8475794,TYLER SEGUIN,27.0,2119,35.0,2.0,4.0,1.0,2.0,6.0,1.0,9.0,107.0,0.0,16.0
205,8475796,MARK PYSYK,9.0,1675,85.0,0.0,0.0,0.0,0.0,1.0,0.0,1.0,41.0,0.0,8.0
206,8475797,JARRED TINORDI,,130,8.0,0.0,0.0,1.0,0.0,0.0,0.0,0.0,17.0,1.0,1.0
207,8475798,MIKAEL GRANLUND,56.0,2032,49.0,1.0,1.0,1.0,0.0,0.0,0.0,8.0,99.0,1.0,14.0
208,8475799,NINO NIEDERREITER,21.0,1726,21.0,2.0,1.0,2.0,5.0,2.0,0.0,15.0,156.0,0.0,17.0
209,8475810,BRYAN RUST,40.0,1629,29.0,4.0,0.0,0.0,3.0,5.0,0.0,12.0,58.0,0.0,9.0
210,8475820,JOONAS DONSKOI,20.0,1484,31.0,0.0,0.0,0.0,0.0,0.0,0.0,1.0,36.0,0.0,7.0
211,8475825,JANI HAKANPAA,10.0,1842,125.0,0.0,0.0,2.0,0.0,0.0,0.0,2.0,266.0,0.0,17.0
212,8475842,SAM CARRICK,8.0,1040,21.0,2.0,1.0,1.0,0.0,4.0,0.0,3.0,122.0,11.0,14.0
213,8475848,BRENDAN GALLAGHER,17.0,1118,28.0,0.0,0.0,0.0,1.0,2.0,0.0,4.0,53.0,1.0,22.0
214,8475855,JESPER FAST,20.0,1995,41.0,1.0,2.0,1.0,4.0,1.0,0.0,5.0,144.0,0.0,2.0
215,8475906,JOHN KLINGBERG,42.0,1976,88.0,1.0,0.0,1.0,1.0,0.0,0.0,3.0,61.0,2.0,22.0
216,8475913,MARK STONE,20.0,780,23.0,0.0,1.0,0.0,0.0,0.0,0.0,7.0,19.0,0.0,3.0
217,8475958,MICHAEL SGARBOSSA,2.0,130,2.0,0.0,0.0,0.0,0.0,0.0,0.0,1.0,7.0,0.0,0.0
218,8475968,ALEX BELZILE,,173,5.0,0.0,0.0,0.0,0.0,0.0,0.0,0.0,17.0,0.0,2.0
219,8476278,COLIN BLACKWELL,11.0,1074,26.0,2.0,1.0,0.0,1.0,3.0,0.0,4.0,103.0,0.0,2.0
220,8476285,MATTHEW PECA,1.0,67,1.0,0.0,0.0,0.0,0.0,0.0,0.0,0.0,3.0,0.0,0.0
221,8476288,RYAN DZINGEL,3.0,615,9.0,0.0,0.0,0.0,0.0,1.0,0.0,3.0,20.0,4.0,4.0
222,8476292,ONDREJ PALAT,41.0,2171,61.0,2.0,2.0,1.0,6.0,5.0,0.0,10.0,188.0,0.0,14.0
223,8476312,JOSH MANSON,15.0,2122,95.0,0.0,0.0,2.0,1.0,0.0,0.0,5.0,229.0,3.0,32.0
224,8476323,MAX MCCORMICK,,113,3.0,0.0,0.0,0.0,0.0,0.0,0.0,0.0,11.0,0.0,5.0
225,8476326,JOSH ARCHIBALD,2.0,307,7.0,0.0,0.0,0.0,0.0,0.0,0.0,0.0,78.0,1.0,3.0
226,8476329,TRAVIS BOYD,18.0,1667,53.0,1.0,2.0,0.0,0.0,5.0,0.0,9.0,71.0,0.0,16.0
227,8476331,DYLAN DEMELO,12.0,1740,108.0,0.0,0.0,0.0,0.0,0.0,0.0,1.0,112.0,0.0,14.0
228,8476345,GREGORY HOFMANN,5.0,392,10.0,0.0,0.0,0.0,1.0,0.0,0.0,1.0,23.0,0.0,4.0
229,8476346,JOHNNY GAUDREAU,86.0,2133,10.0,4.0,0.0,3.0,2.0,1.0,0.0,30.0,11.0,0.0,8.0
230,8476368,FREDRIK CLAESSON,,119,6.0,0.0,0.0,0.0,0.0,0.0,0.0,0.0,12.0,0.0,0.0
231,8476372,NICK SEELER,2.0,819,67.0,0.0,0.0,0.0,1.0,0.0,0.0,0.0,75.0,3.0,7.0
232,8476374,SEAN KURALY,16.0,1681,51.0,0.0,2.0,0.0,0.0,3.0,0.0,7.0,240.0,1.0,23.0
233,8476389,VINCENT TROCHECK,34.0,2045,55.0,5.0,1.0,1.0,6.0,3.0,0.0,10.0,218.0,1.0,32.0
234,8476390,JOSEPH CRAMAROSSA,1.0,12,0.0,0.0,0.0,0.0,0.0,0.0,0.0,0.0,1.0,0.0,1.0
235,8476391,T.J. TYNAN,,31,2.0,0.0,0.0,0.0,0.0,0.0,0.0,0.0,1.0,0.0,0.0
236,8476392,ADAM LOWRY,8.0,1720,42.0,4.0,1.0,0.0,0.0,3.0,0.0,3.0,224.0,7.0,8.0
237,8476393,NICK COUSINS,13.0,1135,30.0,3.0,0.0,0.0,0.0,1.0,0.0,4.0,71.0,3.0,7.0
238,8476396,STEVEN FOGARTY,,32,0.0,0.0,0.0,0.0,0.0,0.0,0.0,0.0,0.0,0.0,1.0
239,8476399,BLAKE COLEMAN,20.0,2017,52.0,2.0,0.0,2.0,1.0,4.0,0.0,8.0,204.0,2.0,31.0
240,8476400,LOGAN SHAW,2.0,264,5.0,0.0,0.0,0.0,0.0,1.0,0.0,0.0,11.0,0.0,1.0
241,8476404,ANDY ANDREOFF,,81,1.0,0.0,0.0,0.0,0.0,1.0,0.0,0.0,11.0,0.0,0.0
242,8476410,JOSH LEIVO,2.0,97,1.0,0.0,0.0,0.0,0.0,0.0,0.0,1.0,4.0,0.0,1.0
243,8476415,KYLE RAU,,68,0.0,0.0,0.0,0.0,0.0,0.0,0.0,0.0,6.0,0.0,0.0
244,8476419,JEAN-GABRIEL PAGEAU,21.0,1894,53.0,3.0,1.0,2.0,2.0,1.0,0.0,8.0,171.0,2.0,10.0
245,8476422,MIKE REILLY,13.0,1854,61.0,1.0,0.0,0.0,0.0,0.0,0.0,3.0,97.0,0.0,17.0
246,8476428,ROCCO GRIMALDI,,109,0.0,0.0,0.0,0.0,0.0,0.0,0.0,0.0,5.0,0.0,1.0
247,8476429,SCOTT MAYFIELD,15.0,1485,109.0,0.0,0.0,1.0,0.0,0.0,0.0,1.0,77.0,2.0,14.0
248,8476432,BOONE JENNER,21.0,1467,56.0,5.0,1.0,0.0,1.0,5.0,0.0,9.0,80.0,0.0,10.0
249,8476436,DMITRIJ JASKIN,1.0,228,9.0,0.0,0.0,0.0,0.0,0.0,0.0,0.0,47.0,0.0,2.0
250,8476437,VICTOR RASK,12.0,710,5.0,0.0,1.0,0.0,2.0,0.0,0.0,6.0,15.0,0.0,1.0
251,8476438,BRANDON SAAD,28.0,1940,25.0,1.0,1.0,0.0,3.0,4.0,0.0,13.0,26.0,0.0,7.0
252,8476439,BRETT RITCHIE,1.0,737,5.0,2.0,1.0,0.0,0.0,0.0,0.0,1.0,99.0,1.0,13.0
253,8476441,JOEL EDMUNDSON,3.0,560,45.0,0.0,0.0,1.0,1.0,0.0,0.0,1.0,61.0,1.0,10.0
254,8476442,MATT NIETO,11.0,1507,47.0,0.0,0.0,2.0,2.0,0.0,0.0,2.0,96.0,1.0,7.0
255,8476448,WILLIAM KARLSSON,23.0,1530,42.0,2.0,2.0,0.0,1.0,0.0,0.0,6.0,42.0,0.0,5.0
256,8476449,SCOTT HARRINGTON,1.0,131,9.0,0.0,0.0,0.0,0.0,0.0,0.0,0.0,8.0,0.0,2.0
257,8476453,NIKITA KUCHEROV,63.0,1566,10.0,2.0,0.0,6.0,6.0,2.0,0.0,16.0,56.0,0.0,17.0
258,8476454,RYAN NUGENT-HOPKINS,47.0,1768,51.0,1.0,0.0,0.0,4.0,1.0,0.0,9.0,67.0,0.0,15.0
259,8476455,GABRIEL LANDESKOG,40.0,1721,56.0,6.0,2.0,4.0,2.0,6.0,0.0,18.0,157.0,4.0,22.0
260,8476456,JONATHAN HUBERDEAU,89.0,2114,32.0,4.0,0.0,2.0,7.0,1.0,0.0,14.0,126.0,0.0,18.0
261,8476457,ADAM LARSSON,17.0,2115,140.0,0.0,0.0,1.0,2.0,0.0,0.0,5.0,183.0,1.0,21.0
262,8476458,RYAN STROME,40.0,1959,28.0,1.0,0.0,2.0,5.0,5.0,0.0,10.0,79.0,1.0,31.0
263,8476459,MIKA ZIBANEJAD,66.0,2435,58.0,2.0,1.0,14.0,5.0,1.0,0.0,13.0,88.0,0.0,7.0
264,8476460,MARK SCHEIFELE,40.0,1477,47.0,1.0,0.0,6.0,4.0,5.0,0.0,10.0,36.0,1.0,8.0
265,8476461,SEAN COUTURIER,11.0,739,18.0,0.0,0.0,1.0,3.0,0.0,0.0,2.0,22.0,0.0,7.0
266,8476462,DOUGIE HAMILTON,20.0,1535,92.0,0.0,0.0,2.0,5.0,0.0,0.0,2.0,86.0,0.0,16.0
267,8476463,JONAS BRODIN,27.0,2013,134.0,0.0,0.0,3.0,0.0,0.0,0.0,1.0,43.0,0.0,11.0
268,8476466,SVEN BAERTSCHI,,18,,,,,,,,,,,
269,8476467,JAMIE OLEKSIAK,16.0,1713,86.0,0.0,0.0,0.0,0.0,0.0,0.0,1.0,182.0,4.0,13.0
270,8476468,JT MILLER,67.0,2072,56.0,3.0,1.0,4.0,6.0,2.0,0.0,12.0,172.0,1.0,19.0
271,8476469,JOEL ARMIA,8.0,1138,27.0,1.0,0.0,0.0,0.0,1.0,0.0,3.0,103.0,0.0,7.0
272,8476470,NATHAN BEAULIEU,4.0,346,19.0,0.0,0.0,0.0,0.0,0.0,0.0,0.0,19.0,3.0,5.0
273,8476473,CONNOR MURPHY,6.0,1559,150.0,0.0,0.0,2.0,0.0,0.0,0.0,1.0,130.0,1.0,20.0
274,8476474,STEFAN NOESEN,,39,0.0,0.0,0.0,0.0,0.0,0.0,0.0,0.0,5.0,0.0,0.0
275,8476479,PHILLIP DANAULT,26.0,2088,55.0,8.0,3.0,0.0,3.0,2.0,0.0,13.0,88.0,2.0,17.0
276,8476480,VLADISLAV NAMESTNIKOV,15.0,1612,44.0,1.0,1.0,1.0,6.0,0.0,0.0,8.0,75.0,3.0,15.0
277,8476483,RICKARD RAKELL,21.0,1561,44.0,0.0,1.0,1.0,2.0,6.0,0.0,10.0,100.0,0.0,6.0
278,8476495,SETH GRIFFITH,,9,0.0,0.0,0.0,0.0,0.0,0.0,0.0,0.0,1.0,0.0,0.0
279,8476505,TURNER ELSON,,37,1.0,0.0,0.0,0.0,0.0,0.0,0.0,0.0,3.0,0.0,0.0
280,8476525,COLIN MILLER,12.0,948,42.0,0.0,0.0,2.0,0.0,0.0,0.0,0.0,50.0,1.0,7.0
281,8476539,JONATHAN MARCHESSAULT,36.0,1610,17.0,6.0,0.0,2.0,2.0,3.0,0.0,12.0,61.0,0.0,13.0
282,8476545,KURTIS GABRIEL,,16,0.0,0.0,0.0,0.0,0.0,0.0,0.0,0.0,7.0,0.0,0.0
283,8476624,BARCLAY GOODROW,21.0,1839,65.0,2.0,0.0,0.0,0.0,5.0,0.0,5.0,147.0,3.0,24.0
284,8476779,BRAD HUNT,14.0,1043,48.0,0.0,0.0,1.0,0.0,0.0,0.0,1.0,22.0,0.0,6.0
285,8476792,TOREY KRUG,37.0,1824,74.0,0.0,0.0,2.0,1.0,0.0,0.0,6.0,54.0,0.0,23.0
286,8476807,MATT TENNYSON,3.0,149,4.0,0.0,0.0,0.0,0.0,0.0,0.0,0.0,12.0,0.0,2.0
287,8476822,LUKE GLENDENING,7.0,1930,64.0,0.0,0.0,0.0,1.0,4.0,0.0,4.0,192.0,1.0,6.0
288,8476826,YANNI GOURDE,27.0,1688,31.0,1.0,1.0,5.0,3.0,1.0,0.0,9.0,77.0,3.0,14.0
289,8476850,RYAN MURRAY,4.0,744,41.0,0.0,0.0,0.0,0.0,0.0,0.0,0.0,32.0,0.0,1.0
290,8476851,ALEX GALCHENYUK,15.0,1073,24.0,4.0,0.0,0.0,0.0,1.0,0.0,1.0,67.0,0.0,15.0
291,8476853,MORGAN RIELLY,61.0,2435,97.0,0.0,0.0,1.0,3.0,1.0,0.0,8.0,108.0,1.0,20.0
292,8476854,HAMPUS LINDHOLM,22.0,1931,99.0,0.0,0.0,0.0,1.0,0.0,0.0,4.0,73.0,0.0,21.0
293,8476856,MATT DUMBA,20.0,1566,93.0,0.0,0.0,2.0,1.0,0.0,0.0,3.0,128.0,1.0,20.0
294,8476867,BRENDAN GAUNCE,2.0,352,9.0,0.0,0.0,0.0,1.0,0.0,0.0,3.0,42.0,0.0,6.0
295,8476869,BRADY SKJEI,32.0,2498,96.0,1.0,0.0,2.0,5.0,0.0,0.0,1.0,123.0,0.0,25.0
296,8476870,STEFAN MATTEAU,,5,,,,,,,,,,,
297,8476871,TANNER PEARSON,20.0,1521,41.0,0.0,2.0,2.0,3.0,3.0,0.0,4.0,84.0,2.0,8.0
298,8476872,SCOTT LAUGHTON,19.0,1598,47.0,2.0,0.0,1.0,2.0,0.0,0.0,4.0,151.0,1.0,15.0
299,8476873,MARK JANKOWSKI,3.0,368,8.0,0.0,1.0,0.0,0.0,0.0,0.0,0.0,5.0,0.0,2.0
300,8476874,OLLI MAATTA,7.0,1567,102.0,0.0,0.0,1.0,0.0,0.0,0.0,0.0,79.0,0.0,4.0
301,8476875,MIKE MATHESON,25.0,1972,86.0,1.0,0.0,3.0,5.0,0.0,1.0,2.0,113.0,1.0,15.0
302,8476878,ZEMGUS GIRGENSONS,8.0,1159,25.0,0.0,1.0,1.0,1.0,2.0,0.0,5.0,81.0,0.0,7.0
303,8476879,CODY CECI,29.0,2270,148.0,1.0,0.0,2.0,1.0,0.0,0.0,1.0,136.0,0.0,7.0
304,8476880,TOM WILSON,28.0,1817,55.0,4.0,0.0,4.0,3.0,3.0,0.0,8.0,241.0,6.0,24.0
305,8476881,TOMAS HERTL,34.0,2069,55.0,3.0,0.0,4.0,5.0,3.0,0.0,15.0,104.0,0.0,12.0
306,8476882,TEUVO TERAVAINEN,50.0,2004,36.0,0.0,0.0,1.0,12.0,1.0,0.0,11.0,21.0,0.0,13.0
307,8476884,DERRICK POULIOT,4.0,216,14.0,0.0,0.0,0.0,0.0,0.0,0.0,0.0,10.0,0.0,2.0
308,8476885,JACOB TROUBA,32.0,2908,229.0,1.0,2.0,2.0,0.0,0.0,0.0,7.0,280.0,7.0,36.0
309,8476886,SLATER KOEKKOEK,4.0,286,18.0,0.0,0.0,0.0,0.0,0.0,0.0,0.0,21.0,0.0,8.0
310,8476887,FILIP FORSBERG,42.0,1623,54.0,4.0,3.0,3.0,7.0,3.0,0.0,17.0,119.0,0.0,13.0
311,8476889,RADEK FAKSA,15.0,1885,79.0,0.0,0.0,0.0,0.0,3.0,0.0,3.0,141.0,2.0,22.0
312,8476891,MATT GRZELCYK,20.0,1977,87.0,0.0,0.0,1.0,0.0,0.0,0.0,2.0,43.0,0.0,15.0
313,8476892,COLTON PARAYKO,32.0,2964,195.0,1.0,0.0,2.0,0.0,2.0,0.0,1.0,90.0,0.0,11.0
314,8476897,OSKAR SUNDQVIST,15.0,1103,29.0,1.0,0.0,0.0,3.0,0.0,0.0,4.0,70.0,0.0,8.0
315,8476902,ESA LINDELL,23.0,2231,166.0,1.0,0.0,1.0,0.0,0.0,0.0,1.0,117.0,0.0,6.0
316,8476905,CHANDLER STEPHENSON,42.0,1817,42.0,2.0,1.0,0.0,3.0,2.0,0.0,11.0,67.0,0.0,12.0
317,8476906,SHAYNE GOSTISBEHERE,36.0,2069,115.0,0.0,0.0,5.0,1.0,1.0,0.0,5.0,59.0,0.0,13.0
318,8476907,MACKENZIE MACEACHERN,2.0,158,1.0,0.0,0.0,0.0,0.0,0.0,0.0,0.0,19.0,0.0,2.0
319,8476913,DEVIN SHORE,6.0,676,21.0,0.0,0.0,1.0,0.0,1.0,0.0,3.0,67.0,0.0,5.0
320,8476915,JUJHAR KHAIRA,,507,14.0,0.0,0.0,0.0,0.0,0.0,0.0,3.0,88.0,1.0,4.0
321,8476917,ADAM PELECH,25.0,2134,128.0,1.0,0.0,1.0,0.0,1.0,0.0,0.0,99.0,0.0,14.0
322,8476918,JIMMY VESEY,7.0,1376,29.0,3.0,1.0,0.0,2.0,0.0,0.0,1.0,82.0,0.0,6.0
323,8476919,CHRIS TIERNEY,12.0,1196,30.0,0.0,2.0,0.0,0.0,1.0,0.0,2.0,42.0,0.0,7.0
324,8476921,JORDAN MARTINOOK,10.0,1005,13.0,2.0,0.0,0.0,0.0,3.0,0.0,0.0,96.0,0.0,13.0
325,8476923,DAMON SEVERSON,35.0,2126,90.0,1.0,0.0,3.0,2.0,0.0,0.0,4.0,91.0,1.0,27.0
326,8476924,MARTIN FRK,,99,0.0,0.0,0.0,2.0,0.0,0.0,0.0,0.0,11.0,0.0,1.0
327,8476925,COLTON SISSONS,23.0,1801,45.0,0.0,0.0,1.0,3.0,0.0,0.0,3.0,202.0,0.0,15.0
328,8476927,TEDDY BLUEGER,20.0,1494,34.0,2.0,0.0,0.0,1.0,1.0,0.0,4.0,103.0,0.0,6.0
329,8476931,JAKE MCCABE,18.0,1924,167.0,0.0,0.0,0.0,0.0,0.0,0.0,3.0,166.0,1.0,13.0
330,8476934,BROCK MCGINN,11.0,1519,54.0,1.0,0.0,0.0,2.0,2.0,0.0,7.0,107.0,0.0,9.0
331,8476952,DOMINIC TONINATO,7.0,952,32.0,0.0,0.0,0.0,1.0,2.0,0.0,4.0,90.0,0.0,11.0
332,8476958,JACCOB SLAVIN,44.0,2454,144.0,0.0,0.0,0.0,0.0,0.0,0.0,4.0,61.0,0.0,6.0
333,8476960,ANDREAS ATHANASIOU,6.0,673,15.0,0.0,0.0,0.0,1.0,1.0,0.0,7.0,14.0,0.0,4.0
334,8476966,GEMEL SMITH,1.0,31,1.0,0.0,0.0,0.0,0.0,0.0,0.0,0.0,0.0,1.0,0.0
335,8476967,BRETT KULAK,21.0,1918,84.0,0.0,0.0,1.0,1.0,0.0,0.0,3.0,134.0,1.0,25.0
336,8476975,CEDRIC PAQUETTE,2.0,342,14.0,0.0,0.0,0.0,0.0,0.0,0.0,0.0,58.0,0.0,6.0
337,8476979,ERIK GUSTAFSSON,15.0,1190,55.0,0.0,1.0,0.0,0.0,0.0,0.0,1.0,45.0,0.0,5.0
338,8476981,JOSH ANDERSON,13.0,1426,35.0,2.0,1.0,1.0,0.0,1.0,0.0,12.0,152.0,3.0,20.0
339,8476982,DANIEL O'REGAN,1.0,63,4.0,0.0,0.0,0.0,0.0,0.0,0.0,0.0,3.0,0.0,0.0
340,8476983,PAUL LADUE,,20,1.0,0.0,0.0,0.0,0.0,0.0,0.0,0.0,2.0,0.0,0.0
341,8476988,MATT BENNING,12.0,1550,68.0,0.0,0.0,0.0,0.0,0.0,0.0,0.0,91.0,1.0,16.0
342,8476989,PETTERI LINDBOHM,1.0,172,8.0,0.0,0.0,0.0,0.0,0.0,0.0,0.0,25.0,1.0,0.0
343,8476994,VINNIE HINOSTROZA,12.0,1120,13.0,1.0,1.0,0.0,3.0,0.0,0.0,5.0,25.0,0.0,11.0
344,8477003,RILEY BARBER,,44,1.0,0.0,0.0,0.0,0.0,0.0,0.0,0.0,3.0,0.0,1.0
345,8477015,CONNOR BROWN,28.0,1573,37.0,0.0,0.0,0.0,2.0,1.0,0.0,4.0,14.0,0.0,5.0
346,8477018,BEN HUTTON,10.0,1138,70.0,0.0,0.0,0.0,1.0,0.0,0.0,1.0,49.0,4.0,4.0
347,8477021,ALEXANDER KERFOOT,39.0,1857,71.0,2.0,0.0,0.0,2.0,0.0,0.0,8.0,82.0,0.0,12.0
348,8477034,JAYCOB MEGNA,5.0,1130,90.0,0.0,0.0,0.0,0.0,0.0,0.0,2.0,68.0,0.0,7.0
349,8477070,LIAM O'BRIEN,1.0,549,10.0,0.0,0.0,0.0,0.0,0.0,0.0,2.0,139.0,10.0,12.0
350,8477073,KURTIS MACDERMID,3.0,686,22.0,0.0,0.0,1.0,0.0,0.0,0.0,1.0,105.0,7.0,14.0
351,8477126,JAYSON MEGNA,3.0,294,9.0,0.0,0.0,0.0,0.0,0.0,0.0,0.0,27.0,0.0,1.0
352,8477149,SCOTT SABOURIN,2.0,90,4.0,0.0,0.0,0.0,0.0,0.0,0.0,0.0,14.0,1.0,3.0
353,8477205,ANDREJ SUSTR,5.0,722,36.0,0.0,0.0,1.0,0.0,0.0,0.0,0.0,27.0,0.0,7.0
354,8477210,BUDDY ROBINSON,5.0,436,12.0,0.0,0.0,0.0,0.0,0.0,0.0,1.0,56.0,3.0,2.0
355,8477215,DANNY DEKEYSER,11.0,1415,98.0,0.0,0.0,0.0,0.0,0.0,0.0,0.0,49.0,0.0,11.0
356,8477220,NATE SCHMIDT,28.0,1886,102.0,0.0,0.0,3.0,0.0,0.0,0.0,1.0,37.0,0.0,5.0
357,8477240,CARTER ROWNEY,2.0,366,20.0,1.0,0.0,0.0,0.0,2.0,0.0,1.0,32.0,0.0,0.0
358,8477244,CHAD RUHWEDEL,9.0,1774,96.0,0.0,0.0,1.0,1.0,0.0,0.0,2.0,161.0,0.0,7.0
359,8477290,MICHAEL RAFFL,10.0,1844,40.0,1.0,0.0,0.0,3.0,3.0,0.0,2.0,176.0,1.0,14.0
360,8477320,ANTON BLIDH,7.0,504,17.0,0.0,0.0,0.0,1.0,0.0,0.0,0.0,82.0,0.0,7.0
361,8477330,DOMINIK KUBALIK,17.0,1462,28.0,0.0,0.0,3.0,1.0,0.0,0.0,10.0,93.0,0.0,7.0
362,8477335,KYLE BURROUGHS,4.0,759,59.0,0.0,0.0,0.0,0.0,0.0,0.0,1.0,122.0,3.0,11.0
363,8477341,ANDREAS JOHNSSON,22.0,1402,22.0,1.0,0.0,0.0,3.0,0.0,0.0,9.0,63.0,0.0,15.0
364,8477343,TYLER LEWINGTON,,33,2.0,0.0,0.0,0.0,0.0,0.0,0.0,0.0,1.0,1.0,1.0
365,8477346,MACKENZIE WEEGAR,37.0,2690,164.0,0.0,0.0,2.0,3.0,0.0,0.0,3.0,222.0,1.0,22.0
366,8477353,TYLER MOTTE,8.0,1390,70.0,0.0,0.0,0.0,1.0,1.0,0.0,5.0,160.0,0.0,11.0
367,8477355,WILL BUTCHER,6.0,800,32.0,0.0,0.0,0.0,1.0,0.0,0.0,1.0,11.0,0.0,0.0
368,8477359,TUCKER POOLMAN,2.0,887,73.0,0.0,0.0,0.0,1.0,0.0,0.0,0.0,33.0,0.0,1.0
369,8477365,CONNOR CLIFTON,9.0,1431,69.0,0.0,0.0,0.0,0.0,0.0,0.0,3.0,187.0,2.0,13.0
370,8477369,CARSON SOUCY,11.0,1525,73.0,0.0,0.0,1.0,1.0,0.0,0.0,8.0,118.0,1.0,20.0
371,8477380,JONNY BRODZINSKI,1.0,363,8.0,0.0,0.0,0.0,0.0,0.0,0.0,1.0,11.0,0.0,5.0
372,8477384,JOSH BROWN,6.0,1060,62.0,0.0,0.0,0.0,0.0,0.0,0.0,0.0,119.0,5.0,6.0
373,8477392,HUDSON FASCHING,,155,6.0,0.0,0.0,0.0,0.0,0.0,0.0,0.0,16.0,0.0,0.0
374,8477401,JOHN HAYDEN,2.0,859,24.0,0.0,0.0,0.0,0.0,2.0,0.0,0.0,104.0,8.0,11.0
375,8477402,PAVEL BUCHNEVICH,56.0,1971,24.0,3.0,1.0,4.0,7.0,1.0,1.0,13.0,80.0,0.0,16.0
376,8477404,JAKE GUENTZEL,46.0,2047,42.0,3.0,1.0,5.0,9.0,4.0,1.0,22.0,74.0,0.0,22.0
377,8477406,MATTIAS JANMARK,15.0,1249,28.0,1.0,1.0,0.0,0.0,2.0,0.0,4.0,19.0,1.0,8.0
378,8477407,ANTHONY DUCLAIR,29.0,1541,19.0,4.0,0.0,4.0,6.0,2.0,0.0,16.0,47.0,0.0,12.0
379,8477409,CARTER VERHAEGHE,37.0,1824,19.0,1.0,0.0,1.0,5.0,2.0,1.0,18.0,66.0,0.0,24.0
380,8477416,OLIVER BJORKSTRAND,29.0,1628,31.0,3.0,0.0,3.0,5.0,2.0,0.0,13.0,85.0,0.0,8.0
381,8477419,MASON GEERTSEN,,284,7.0,0.0,0.0,0.0,0.0,0.0,0.0,0.0,58.0,5.0,7.0
382,8477425,MILES WOOD,,59,1.0,0.0,0.0,0.0,0.0,0.0,0.0,0.0,5.0,0.0,2.0
383,8477426,NICK PAUL,19.0,2326,81.0,6.0,1.0,0.0,1.0,1.0,0.0,10.0,162.0,3.0,8.0
384,8477429,ANDREW COPP,39.0,2135,51.0,2.0,0.0,3.0,5.0,4.0,0.0,13.0,57.0,0.0,9.0
385,8477433,BEN HARPUR,1.0,395,21.0,0.0,0.0,0.0,0.0,0.0,0.0,0.0,36.0,3.0,6.0
386,8477435,RYAN GRAVES,21.0,1861,134.0,0.0,0.0,1.0,3.0,0.0,0.0,1.0,88.0,0.0,12.0
387,8477444,ANDRE BURAKOVSKY,44.0,1868,40.0,3.0,0.0,3.0,1.0,1.0,0.0,15.0,56.0,0.0,10.0
388,8477446,MICHAEL MCCARRON,7.0,772,31.0,0.0,1.0,0.0,0.0,2.0,1.0,3.0,118.0,8.0,10.0
389,8477447,SHEA THEODORE,38.0,2031,95.0,3.0,0.0,5.0,2.0,0.0,0.0,3.0,37.0,0.0,11.0
390,8477450,JASON DICKINSON,6.0,1198,43.0,0.0,0.0,0.0,1.0,1.0,0.0,2.0,101.0,1.0,6.0
391,8477451,RYAN HARTMAN,36.0,1785,53.0,1.0,1.0,2.0,7.0,1.0,0.0,21.0,76.0,3.0,36.0
392,8477454,ADAM ERNE,13.0,1388,42.0,2.0,0.0,0.0,1.0,0.0,0.0,3.0,159.0,2.0,11.0
393,8477456,J.T. COMPHER,18.0,1897,72.0,1.0,2.0,0.0,3.0,5.0,0.0,11.0,47.0,1.0,14.0
394,8477460,LAURENT DAUPHIN,8.0,673,27.0,0.0,0.0,0.0,2.0,0.0,0.0,1.0,31.0,1.0,7.0
395,8477461,REMI ELIE,,17,0.0,0.0,0.0,0.0,0.0,0.0,0.0,0.0,3.0,0.0,0.0
396,8477462,ROBERT HAGG,8.0,1357,102.0,0.0,0.0,0.0,0.0,0.0,0.0,1.0,138.0,1.0,15.0
397,8477463,STEVEN SANTINI,,5,,,,,,,,,,,
398,8477464,NIC PETAN,2.0,246,3.0,0.0,0.0,0.0,0.0,0.0,0.0,0.0,6.0,0.0,2.0
399,8477471,DILLON HEATHERINGTON,,153,2.0,0.0,0.0,0.0,0.0,0.0,0.0,0.0,18.0,1.0,1.0
400,8477472,CARL DAHLSTROM,2.0,60,2.0,0.0,0.0,0.0,0.0,0.0,0.0,0.0,1.0,0.0,1.0
401,8477473,JUSTIN BAILEY,,206,6.0,0.0,0.0,0.0,0.0,0.0,0.0,0.0,12.0,0.0,2.0
402,8477474,MADISON BOWEY,,47,2.0,0.0,0.0,0.0,0.0,0.0,0.0,0.0,4.0,0.0,0.0
403,8477476,ARTTURI LEHKONEN,25.0,2036,58.0,1.0,1.0,1.0,2.0,4.0,0.0,18.0,129.0,0.0,14.0
404,8477478,WILLIAM CARRIER,11.0,1068,24.0,1.0,0.0,0.0,2.0,2.0,0.0,4.0,159.0,0.0,12.0
405,8477479,TYLER BERTUZZI,32.0,1470,41.0,2.0,1.0,3.0,6.0,2.0,0.0,16.0,65.0,1.0,17.0
406,8477482,ZACH SANFORD,12.0,1553,67.0,0.0,0.0,1.0,1.0,1.0,0.0,5.0,169.0,4.0,14.0
407,8477488,BRETT PESCE,23.0,2157,133.0,0.0,0.0,1.0,4.0,0.0,0.0,3.0,52.0,2.0,14.0
408,8477492,NATHAN MACKINNON,67.0,2141,51.0,2.0,2.0,8.0,3.0,2.0,0.0,26.0,96.0,2.0,20.0
409,8477493,ALEKSANDER BARKOV,54.0,1846,49.0,8.0,0.0,4.0,7.0,0.0,0.0,22.0,65.0,0.0,11.0
410,8477494,JONATHAN DROUIN,12.0,730,11.0,1.0,1.0,0.0,0.0,1.0,0.0,2.0,27.0,0.0,6.0
411,8477495,SETH JONES,46.0,2342,155.0,0.0,0.0,0.0,0.0,0.0,0.0,5.0,99.0,0.0,13.0
412,8477496,ELIAS LINDHOLM,44.0,2455,60.0,1.0,1.0,4.0,9.0,5.0,0.0,25.0,93.0,0.0,13.0
413,8477497,SEAN MONAHAN,15.0,1276,24.0,0.0,1.0,0.0,1.0,2.0,0.0,4.0,59.0,0.0,12.0
414,8477498,DARNELL NURSE,30.0,2297,165.0,1.0,0.0,2.0,3.0,0.0,0.0,4.0,232.0,0.0,34.0
415,8477499,RASMUS RISTOLAINEN,14.0,1830,125.0,0.0,0.0,1.0,0.0,0.0,0.0,1.0,230.0,0.0,19.0
416,8477500,BO HORVAT,21.0,1719,45.0,5.0,2.0,1.0,8.0,0.0,1.0,10.0,96.0,0.0,19.0
417,8477501,VALERI NICHUSHKIN,33.0,2078,34.0,3.0,1.0,0.0,4.0,4.0,0.0,22.0,140.0,0.0,10.0
418,8477503,MAX DOMI,31.0,1499,13.0,3.0,0.0,0.0,3.0,0.0,0.0,8.0,32.0,1.0,27.0
419,8477504,JOSH MORRISSEY,25.0,2083,102.0,1.0,0.0,5.0,1.0,0.0,0.0,4.0,149.0,0.0,26.0
420,8477505,ALEX WENNBERG,26.0,1791,44.0,1.0,0.0,0.0,0.0,0.0,0.0,10.0,47.0,0.0,14.0
421,8477506,RYAN PULOCK,16.0,1472,130.0,0.0,0.0,2.0,1.0,0.0,0.0,1.0,86.0,0.0,1.0
422,8477507,NIKITA ZADOROV,21.0,2214,62.0,0.0,0.0,0.0,0.0,0.0,0.0,4.0,213.0,1.0,36.0
423,8477508,CURTIS LAZAR,8.0,1348,57.0,2.0,2.0,0.0,1.0,1.0,0.0,2.0,213.0,0.0,9.0
424,8477511,ANTHONY MANTHA,18.0,858,22.0,4.0,0.0,0.0,1.0,0.0,0.0,3.0,69.0,1.0,11.0
425,8477512,FREDERIK GAUTHIER,,137,3.0,0.0,0.0,0.0,0.0,0.0,0.0,0.0,16.0,0.0,0.0
426,8477527,ROSS JOHNSTON,5.0,461,16.0,0.0,0.0,0.0,0.0,0.0,0.0,1.0,90.0,4.0,7.0
427,8477541,DAKOTA MERMIS,,36,1.0,0.0,0.0,0.0,0.0,0.0,0.0,0.0,3.0,0.0,0.0
428,8477573,NATHAN WALKER,4.0,501,26.0,0.0,0.0,0.0,2.0,2.0,0.0,4.0,65.0,0.0,2.0
429,8477631,BRANDON BADDOCK,,13,0.0,0.0,0.0,0.0,0.0,0.0,0.0,0.0,6.0,0.0,0.0
430,8477810,JOEL HANLEY,4.0,876,52.0,0.0,0.0,0.0,2.0,0.0,0.0,0.0,68.0,0.0,2.0
431,8477839,CONOR SHEARY,25.0,1556,45.0,2.0,0.0,0.0,1.0,3.0,0.0,10.0,52.0,0.0,7.0
432,8477845,TREVOR VAN RIEMSDYK,17.0,1779,142.0,0.0,0.0,1.0,0.0,0.0,0.0,1.0,33.0,3.0,7.0
433,8477846,RYAN CARPENTER,9.0,1247,44.0,1.0,0.0,0.0,0.0,1.0,0.0,1.0,136.0,3.0,7.0
434,8477851,JORDAN OESTERLE,6.0,929,44.0,0.0,0.0,0.0,0.0,0.0,0.0,2.0,27.0,0.0,2.0
435,8477887,PATRICK BROWN,5.0,852,36.0,0.0,0.0,0.0,0.0,0.0,0.0,3.0,100.0,1.0,3.0
436,8477903,GARNET HATHAWAY,13.0,1641,74.0,2.0,2.0,0.0,2.0,2.0,0.0,6.0,286.0,1.0,29.0
437,8477919,FREDERICK GAUDREAU,30.0,1591,47.0,0.0,0.0,4.0,2.0,1.0,0.0,5.0,53.0,0.0,3.0
438,8477930,PIERRE-EDOUARD BELLEMARE,12.0,1893,55.0,3.0,0.0,1.0,2.0,0.0,0.0,4.0,119.0,1.0,10.0
439,8477931,TOMAS NOSEK,16.0,1491,43.0,1.0,1.0,0.0,1.0,0.0,0.0,0.0,99.0,0.0,16.0
440,8477932,AARON EKBLAD,46.0,2148,78.0,2.0,0.0,5.0,1.0,0.0,0.0,5.0,79.0,1.0,16.0
441,8477933,SAM REINHART,50.0,1832,38.0,1.0,0.0,2.0,8.0,7.0,0.0,17.0,60.0,1.0,4.0
442,8477934,LEON DRAISAITL,80.0,2249,28.0,1.0,2.0,10.0,14.0,4.0,0.0,25.0,61.0,0.0,22.0
443,8477935,SAM BENNETT,23.0,1736,33.0,4.0,0.0,2.0,4.0,1.0,1.0,15.0,163.0,2.0,37.0
444,8477936,MICHAEL DAL COLLE,,18,,,,,,,,,,,
445,8477938,HAYDN FLEURY,2.0,766,62.0,0.0,1.0,0.0,0.0,0.0,1.0,0.0,60.0,1.0,4.0
446,8477939,WILLIAM NYLANDER,50.0,1933,33.0,3.0,0.0,8.0,3.0,2.0,0.0,20.0,23.0,0.0,10.0
447,8477940,NIKOLAJ EHLERS,27.0,1305,27.0,0.0,0.0,3.0,4.0,2.0,1.0,13.0,32.0,0.0,10.0
448,8477941,NICK RITCHIE,11.0,974,22.0,1.0,1.0,1.0,1.0,3.0,0.0,5.0,152.0,1.0,18.0
449,8477942,KEVIN FIALA,55.0,1688,22.0,5.0,1.0,3.0,6.0,0.0,0.0,16.0,53.0,0.0,25.0
450,8477943,BRENDAN PERLINI,1.0,246,3.0,0.0,0.0,0.0,2.0,0.0,0.0,2.0,29.0,0.0,3.0
451,8477944,JAKUB VRANA,6.0,473,9.0,0.0,0.0,0.0,7.0,0.0,0.0,3.0,14.0,0.0,3.0
452,8477946,DYLAN LARKIN,37.0,1500,28.0,4.0,0.0,0.0,6.0,1.0,0.0,15.0,76.0,1.0,16.0
453,8477947,SONNY MILANO,20.0,1257,15.0,3.0,0.0,1.0,0.0,4.0,0.0,6.0,27.0,0.0,5.0
454,8477948,TRAVIS SANHEIM,24.0,2279,142.0,0.0,0.0,0.0,2.0,2.0,0.0,2.0,64.0,0.0,17.0
455,8477949,ALEX TUCH,26.0,1164,49.0,1.0,0.0,1.0,1.0,1.0,0.0,7.0,32.0,0.0,7.0
456,8477950,ANTHONY DEANGELO,50.0,1797,78.0,0.0,0.0,3.0,3.0,0.0,0.0,5.0,58.0,2.0,18.0
457,8477951,NICK SCHMALTZ,36.0,1437,27.0,4.0,0.0,0.0,4.0,1.0,0.0,11.0,14.0,0.0,6.0
458,8477952,ROBBY FABBRI,13.0,1051,18.0,2.0,0.0,0.0,4.0,2.0,0.0,7.0,85.0,1.0,15.0
459,8477953,KASPERI KAPANEN,24.0,1675,21.0,1.0,0.0,1.0,1.0,2.0,0.0,6.0,126.0,0.0,9.0
460,8477955,JARED MCCANN,23.0,1553,29.0,1.0,0.0,2.0,6.0,2.0,0.0,16.0,65.0,1.0,8.0
461,8477956,DAVID PASTRNAK,40.0,1630,16.0,4.0,0.0,13.0,10.0,0.0,0.0,16.0,81.0,0.0,11.0
462,8477960,ADRIAN KEMPE,23.0,2054,29.0,2.0,1.0,6.0,5.0,3.0,0.0,16.0,124.0,0.0,20.0
463,8477962,BRENDAN LEMIEUX,5.0,853,20.0,0.0,0.0,1.0,1.0,0.0,0.0,7.0,139.0,8.0,22.0
464,8477964,IVAN BARBASHEV,36.0,1933,34.0,2.0,0.0,0.0,4.0,6.0,0.0,13.0,195.0,0.0,21.0
465,8477969,MARCUS PETTERSSON,19.0,1721,86.0,0.0,0.0,0.0,0.0,0.0,0.0,2.0,136.0,0.0,20.0
466,8477974,RYAN MACINNIS,,12,,,,,,,,,,,
467,8477979,NICOLAS AUBE-KUBEL,12.0,1258,24.0,0.0,0.0,1.0,0.0,1.0,0.0,9.0,189.0,1.0,23.0
468,8477986,BRANDON MONTOUR,29.0,2146,73.0,0.0,0.0,2.0,2.0,1.0,0.0,5.0,81.0,0.0,25.0
469,8477987,RYAN DONATO,15.0,1307,17.0,2.0,0.0,2.0,4.0,1.0,0.0,5.0,70.0,3.0,10.0
470,8477989,CHRISTIAN DVORAK,21.0,1270,51.0,0.0,0.0,0.0,3.0,1.0,0.0,5.0,32.0,0.0,6.0
471,8477996,JUHO LAMMIKKO,8.0,1385,46.0,1.0,1.0,0.0,0.0,2.0,0.0,2.0,93.0,0.0,7.0
472,8477998,WARREN FOEGELE,15.0,1584,17.0,1.0,0.0,0.0,3.0,3.0,0.0,4.0,166.0,0.0,13.0
473,8478010,BRAYDEN POINT,33.0,1648,32.0,4.0,0.0,1.0,2.0,3.0,0.0,18.0,94.0,3.0,11.0
474,8478013,JAKE WALMAN,7.0,1047,58.0,0.0,0.0,1.0,0.0,0.0,0.0,2.0,47.0,0.0,5.0
475,8478017,MARK FRIEDMAN,4.0,594,31.0,0.0,0.0,0.0,0.0,0.0,0.0,2.0,30.0,1.0,7.0
476,8478020,MICHAEL AMADIO,7.0,892,16.0,3.0,0.0,1.0,1.0,2.0,0.0,4.0,42.0,1.0,5.0
477,8478021,WILLIAM LAGESSON,5.0,543,20.0,0.0,0.0,0.0,0.0,0.0,0.0,0.0,40.0,1.0,2.0
478,8478029,CHASE DELEO,,27,0.0,0.0,0.0,0.0,0.0,0.0,0.0,0.0,5.0,0.0,0.0
479,8478038,DEVON TOEWS,54.0,2599,111.0,0.0,1.0,4.0,1.0,2.0,0.0,9.0,86.0,0.0,12.0
480,8478040,AUSTIN POGANSKI,,222,5.0,0.0,0.0,0.0,0.0,0.0,0.0,0.0,23.0,1.0,1.0
481,8478042,VIKTOR ARVIDSSON,29.0,1388,44.0,2.0,0.0,0.0,2.0,2.0,1.0,12.0,23.0,0.0,10.0
482,8478043,SAM LAFFERTY,8.0,1053,26.0,1.0,0.0,0.0,0.0,1.0,0.0,3.0,137.0,3.0,9.0
483,8478046,DANTON HEINEN,15.0,1489,35.0,1.0,0.0,1.0,3.0,1.0,0.0,14.0,78.0,0.0,10.0
484,8478047,MICHAEL BUNTING,42.0,1693,22.0,5.0,0.0,1.0,4.0,5.0,0.0,9.0,94.0,0.0,32.0
485,8478051,MAX WILLMAN,2.0,704,10.0,1.0,0.0,0.0,1.0,0.0,0.0,1.0,53.0,0.0,7.0
486,8478055,GUSTAV FORSLING,30.0,2376,93.0,1.0,0.0,1.0,2.0,0.0,0.0,3.0,67.0,0.0,10.0
487,8478056,CLARK BISHOP,1.0,111,3.0,0.0,0.0,0.0,0.0,0.0,0.0,0.0,12.0,0.0,3.0
488,8478057,DAKOTA JOSHUA,5.0,386,10.0,1.0,0.0,0.0,0.0,0.0,0.0,2.0,79.0,2.0,2.0
489,8478058,CJ SUESS,,27,5.0,0.0,0.0,0.0,0.0,0.0,0.0,0.0,2.0,0.0,1.0
490,8478062,DYSIN MAYO,8.0,1701,128.0,0.0,0.0,1.0,0.0,0.0,0.0,3.0,128.0,1.0,10.0
491,8478067,OSKAR LINDBLOM,14.0,1601,48.0,1.0,0.0,2.0,2.0,2.0,1.0,4.0,83.0,0.0,11.0
492,8478074,ANTHONY ANGELLO,,39,0.0,0.0,0.0,0.0,0.0,0.0,0.0,0.0,13.0,0.0,1.0
493,8478075,ANDERS BJORK,3.0,942,16.0,1.0,0.0,0.0,2.0,0.0,0.0,1.0,11.0,0.0,5.0
494,8478099,KEVIN LABANC,3.0,369,9.0,0.0,0.0,2.0,0.0,0.0,0.0,1.0,28.0,0.0,3.0
495,8478104,SAMMY BLAIS,4.0,233,8.0,0.0,0.0,0.0,0.0,0.0,0.0,0.0,37.0,1.0,5.0
496,8478106,DYLAN SIKURA,1.0,71,3.0,0.0,0.0,0.0,0.0,0.0,0.0,0.0,0.0,0.0,0.0
497,8478109,VICTOR OLOFSSON,29.0,1436,15.0,1.0,0.0,2.0,4.0,0.0,0.0,13.0,10.0,0.0,3.0
498,8478115,PIERRE ENGVALL,23.0,1632,12.0,0.0,1.0,0.0,1.0,1.0,0.0,9.0,83.0,0.0,17.0
499,8478131,ONDREJ KASE,16.0,1084,38.0,0.0,1.0,0.0,4.0,1.0,0.0,7.0,33.0,0.0,9.0
500,8478133,JAKE EVANS,16.0,1561,37.0,1.0,0.0,2.0,0.0,2.0,0.0,8.0,88.0,0.0,11.0
501,8478136,JACOB MIDDLETON,11.0,1704,132.0,0.0,0.0,0.0,1.0,1.0,0.0,2.0,122.0,10.0,17.0
502,8478146,MATTHEW HIGHMORE,7.0,894,38.0,0.0,0.0,0.0,0.0,2.0,0.0,2.0,41.0,0.0,7.0
503,8478147,BOKONDJI IMAMA,,31,0.0,0.0,0.0,0.0,0.0,0.0,0.0,1.0,10.0,1.0,0.0
504,8478173,HAYDEN HODGSON,2.0,119,2.0,0.0,0.0,0.0,0.0,0.0,0.0,1.0,12.0,1.0,3.0
505,8478178,DARREN RADDYSH,,60,6.0,0.0,0.0,0.0,0.0,0.0,0.0,0.0,4.0,0.0,0.0
506,8478211,DRYDEN HUNT,11.0,1230,17.0,0.0,0.0,0.0,2.0,0.0,0.0,4.0,163.0,1.0,16.0
507,8478233,ANDREW MANGIAPANE,23.0,2118,33.0,8.0,2.0,0.0,5.0,4.0,0.0,16.0,90.0,0.0,19.0
508,8478250,VLADIMIR TKACHEV,2.0,71,0.0,0.0,0.0,0.0,0.0,0.0,0.0,0.0,1.0,0.0,1.0
509,8478366,FRANK VATRANO,22.0,1616,47.0,1.0,0.0,6.0,4.0,1.0,0.0,10.0,108.0,1.0,14.0
510,8478396,NOAH HANIFIN,41.0,2890,106.0,0.0,0.0,1.0,0.0,0.0,0.0,7.0,77.0,1.0,8.0
511,8478397,RASMUS ANDERSSON,49.0,2920,137.0,0.0,0.0,1.0,1.0,0.0,0.0,2.0,76.0,1.0,18.0
512,8478398,KYLE CONNOR,45.0,1871,23.0,5.0,0.0,8.0,6.0,1.0,0.0,21.0,32.0,0.0,2.0
513,8478399,JONAS SIEGENTHALER,13.0,1686,106.0,0.0,0.0,0.0,0.0,0.0,0.0,1.0,97.0,2.0,13.0
514,8478400,COLIN WHITE,7.0,472,4.0,0.0,0.0,0.0,1.0,0.0,0.0,2.0,28.0,0.0,2.0
515,8478401,PAVEL ZACHA,21.0,1549,18.0,1.0,0.0,1.0,4.0,0.0,0.0,8.0,78.0,0.0,10.0
516,8478402,CONNOR MCDAVID,102.0,2203,30.0,8.0,1.0,1.0,11.0,1.0,1.0,27.0,126.0,0.0,20.0
517,8478403,JACK EICHEL,11.0,748,35.0,0.0,1.0,1.0,1.0,2.0,0.0,8.0,45.0,0.0,5.0
518,8478407,VINCE DUNN,28.0,1786,82.0,1.0,0.0,1.0,0.0,0.0,0.0,5.0,76.0,3.0,24.0
519,8478408,TRAVIS DERMOTT,5.0,1256,46.0,0.0,0.0,1.0,0.0,1.0,0.0,0.0,55.0,0.0,7.0
520,8478413,JORDAN GREENWAY,18.0,1266,34.0,2.0,0.0,1.0,0.0,0.0,0.0,8.0,167.0,3.0,27.0
521,8478414,TIMO MEIER,41.0,1739,61.0,4.0,0.0,3.0,1.0,1.0,0.0,21.0,161.0,0.0,24.0
522,8478415,JAKUB ZBORIL,3.0,212,10.0,0.0,0.0,0.0,0.0,0.0,0.0,0.0,24.0,0.0,2.0
523,8478416,ERIK CERNAK,13.0,1919,118.0,0.0,0.0,1.0,0.0,0.0,0.0,1.0,249.0,2.0,22.0
524,8478420,MIKKO RANTANEN,76.0,2342,51.0,3.0,0.0,3.0,5.0,3.0,0.0,23.0,94.0,0.0,27.0
525,8478421,A.J. GREER,1.0,111,3.0,0.0,0.0,0.0,0.0,0.0,1.0,0.0,20.0,0.0,1.0
526,8478424,JANSEN HARKINS,5.0,981,18.0,0.0,0.0,1.0,0.0,2.0,0.0,4.0,51.0,1.0,4.0
527,8478425,BRENDAN GUHLE,,111,4.0,0.0,0.0,0.0,0.0,0.0,0.0,0.0,11.0,0.0,0.0
528,8478427,SEBASTIAN AHO,51.0,2147,35.0,2.0,2.0,4.0,5.0,6.0,1.0,18.0,99.0,0.0,24.0
529,8478430,OLIVER KYLINGTON,24.0,2284,92.0,1.0,0.0,2.0,3.0,0.0,0.0,4.0,44.0,0.0,11.0
530,8478431,EVGENY SVECHNIKOV,12.0,1042,22.0,1.0,0.0,0.0,1.0,2.0,0.0,3.0,103.0,0.0,13.0
531,8478432,CHRISTIAN FISCHER,5.0,979,22.0,1.0,0.0,1.0,0.0,0.0,0.0,3.0,88.0,0.0,6.0
532,8478434,KEEGAN KOLESAR,16.0,1368,45.0,1.0,0.0,1.0,2.0,0.0,0.0,3.0,245.0,8.0,14.0
533,8478438,THOMAS NOVAK,6.0,388,6.0,0.0,0.0,0.0,0.0,0.0,0.0,1.0,4.0,0.0,1.0
534,8478439,TRAVIS KONECNY,36.0,1813,34.0,0.0,0.0,1.0,1.0,1.0,0.0,11.0,80.0,1.0,20.0
535,8478440,DYLAN STROME,26.0,1402,33.0,0.0,1.0,1.0,6.0,5.0,0.0,7.0,11.0,0.0,13.0
536,8478442,COOPER MARODY,1.0,9,,,,,,,,,,,
537,8478443,BRANDON CARLO,10.0,2236,120.0,1.0,0.0,2.0,0.0,0.0,0.0,3.0,156.0,1.0,15.0
538,8478444,BROCK BOESER,23.0,1534,26.0,1.0,3.0,1.0,4.0,0.0,0.0,14.0,35.0,0.0,10.0
539,8478445,MATHEW BARZAL,44.0,1486,17.0,2.0,0.0,0.0,4.0,1.0,0.0,7.0,36.0,0.0,9.0
540,8478446,GLENN GAWDIN,,25,1.0,0.0,0.0,0.0,0.0,0.0,0.0,0.0,1.0,0.0,1.0
541,8478447,NICK MERKLEY,2.0,162,2.0,0.0,0.0,0.0,0.0,1.0,0.0,0.0,9.0,0.0,0.0
542,8478449,ROOPE HINTZ,37.0,2193,58.0,5.0,5.0,1.0,5.0,2.0,0.0,21.0,93.0,0.0,15.0
543,8478451,ETHAN BEAR,9.0,1216,41.0,0.0,0.0,1.0,1.0,0.0,0.0,3.0,55.0,0.0,9.0
544,8478452,CALEB JONES,10.0,1088,58.0,1.0,0.0,1.0,0.0,0.0,0.0,2.0,77.0,0.0,9.0
545,8478454,NOAH JUULSEN,2.0,184,11.0,0.0,0.0,0.0,0.0,0.0,0.0,0.0,20.0,0.0,0.0
546,8478458,JACK ROSLOVIC,23.0,1524,25.0,0.0,3.0,0.0,4.0,1.0,1.0,12.0,60.0,0.0,6.0
547,8478460,ZACH WERENSKI,37.0,1786,95.0,2.0,0.0,1.0,5.0,0.0,0.0,3.0,33.0,0.0,11.0
548,8478462,NICOLAS ROY,24.0,1676,34.0,1.0,0.0,0.0,3.0,3.0,0.0,6.0,85.0,2.0,15.0
549,8478463,ANTHONY BEAUVILLIER,22.0,1612,20.0,1.0,0.0,2.0,0.0,0.0,0.0,7.0,39.0,0.0,6.0
550,8478465,GUILLAUME BRISEBOIS,,8,1.0,0.0,0.0,0.0,0.0,0.0,0.0,0.0,0.0,0.0,0.0
551,8478466,DANIEL SPRONG,6.0,997,12.0,0.0,1.0,1.0,3.0,0.0,0.0,8.0,43.0,0.0,4.0
552,8478467,NICOLAS MELOCHE,5.0,1210,54.0,0.0,0.0,0.0,1.0,0.0,0.0,1.0,157.0,1.0,15.0
553,8478468,JEREMY LAUZON,5.0,1583,65.0,0.0,0.0,0.0,0.0,0.0,0.0,2.0,233.0,7.0,19.0
554,8478469,THOMAS CHABOT,31.0,1555,93.0,0.0,0.0,1.0,1.0,0.0,0.0,3.0,73.0,0.0,13.0
555,8478472,MATHIEU JOSEPH,18.0,1349,27.0,1.0,0.0,1.0,2.0,0.0,0.0,5.0,106.0,1.0,11.0
556,8478474,LAWSON CROUSE,13.0,1512,36.0,3.0,0.0,1.0,2.0,0.0,0.0,11.0,180.0,4.0,16.0
557,8478476,KYLE CAPOBIANCO,7.0,955,44.0,0.0,0.0,0.0,0.0,0.0,0.0,2.0,43.0,0.0,17.0
558,8478477,MITCHELL STEPHENS,6.0,413,6.0,0.0,0.0,0.0,0.0,0.0,0.0,0.0,21.0,0.0,4.0
559,8478480,BLAKE SPEERS,,30,2.0,0.0,0.0,0.0,0.0,0.0,0.0,0.0,3.0,0.0,1.0
560,8478483,MITCHELL MARNER,68.0,1940,39.0,4.0,1.0,3.0,11.0,2.0,0.0,12.0,85.0,0.0,9.0
561,8478485,ZACH SENYSHYN,,20,0.0,0.0,0.0,0.0,0.0,0.0,0.0,0.0,4.0,0.0,1.0
562,8478486,CHASE PEARSON,,27,0.0,0.0,0.0,0.0,0.0,0.0,0.0,0.0,4.0,0.0,0.0
563,8478491,JACOB LARSSON,1.0,109,5.0,0.0,0.0,0.0,0.0,0.0,0.0,0.0,1.0,0.0,1.0
564,8478493,JOEL ERIKSSON EK,25.0,1785,46.0,3.0,2.0,0.0,2.0,3.0,0.0,17.0,154.0,0.0,18.0
565,8478495,DENIS GURIANOV,20.0,1481,35.0,3.0,0.0,0.0,2.0,3.0,0.0,3.0,74.0,0.0,8.0
566,8478498,JAKE DEBRUSK,19.0,1683,27.0,2.0,1.0,0.0,6.0,2.0,0.0,13.0,76.0,0.0,5.0
567,8478500,IVAN PROVOROV,22.0,2349,172.0,1.0,0.0,2.0,2.0,0.0,0.0,4.0,74.0,0.0,14.0
568,8478506,GABRIEL CARLSSON,7.0,655,33.0,0.0,0.0,0.0,1.0,0.0,0.0,1.0,27.0,0.0,5.0
569,8478507,JOHN MARINO,25.0,2335,105.0,0.0,0.0,0.0,0.0,0.0,0.0,1.0,77.0,1.0,10.0
570,8478508,YAKOV TRENIN,7.0,1579,34.0,2.0,1.0,0.0,0.0,1.0,0.0,14.0,205.0,4.0,15.0
571,8478512,AUSTIN CZARNIK,5.0,258,7.0,0.0,0.0,0.0,0.0,2.0,0.0,0.0,3.0,0.0,0.0
572,8478519,ANTHONY CIRELLI,31.0,2407,93.0,5.0,0.0,1.0,0.0,4.0,0.0,9.0,144.0,3.0,22.0
573,8478528,TANNER KERO,3.0,322,9.0,0.0,0.0,0.0,0.0,0.0,0.0,0.0,12.0,0.0,0.0
574,8478542,EVAN RODRIGUES,26.0,1832,33.0,1.0,0.0,5.0,4.0,1.0,0.0,8.0,100.0,0.0,10.0
575,8478550,ARTEMI PANARIN,84.0,1931,24.0,3.0,1.0,1.0,6.0,1.0,0.0,13.0,30.0,0.0,8.0
576,8478567,DEAN KUKAN,8.0,882,39.0,0.0,0.0,0.0,0.0,1.0,0.0,2.0,43.0,0.0,7.0
577,8478569,NOEL ACCIARI,5.0,443,20.0,0.0,0.0,0.0,1.0,0.0,0.0,2.0,81.0,1.0,3.0
578,8478585,DEREK RYAN,14.0,1589,48.0,0.0,0.0,0.0,1.0,3.0,0.0,6.0,56.0,0.0,6.0
579,8478831,KEVIN STENLUND,,32,2.0,0.0,0.0,0.0,0.0,0.0,0.0,0.0,2.0,0.0,1.0
580,8478838,LUKAS VEJDEMO,,96,4.0,0.0,0.0,0.0,0.0,0.0,0.0,1.0,7.0,0.0,0.0
581,8478840,WILL BORGEN,6.0,773,33.0,0.0,0.0,2.0,0.0,0.0,0.0,0.0,89.0,2.0,9.0
582,8478841,COLTON WHITE,4.0,519,14.0,0.0,0.0,0.0,0.0,0.0,0.0,0.0,24.0,0.0,4.0
583,8478846,CHRISTIAN WOLANIN,1.0,172,13.0,0.0,0.0,0.0,0.0,0.0,0.0,1.0,5.0,0.0,1.0
584,8478851,ALEXANDRE CARRIER,30.0,2182,137.0,0.0,0.0,0.0,0.0,0.0,0.0,2.0,112.0,0.0,27.0
585,8478856,CONOR GARLAND,33.0,1680,22.0,3.0,0.0,4.0,3.0,1.0,1.0,5.0,52.0,0.0,13.0
586,8478859,NIKO MIKKOLA,11.0,1717,102.0,0.0,0.0,0.0,0.0,1.0,0.0,2.0,145.0,1.0,28.0
587,8478864,KIRILL KAPRIZOV,62.0,1727,32.0,3.0,4.0,4.0,9.0,3.0,1.0,28.0,77.0,0.0,17.0
588,8478866,DOMINIK SIMON,10.0,1048,38.0,0.0,0.0,0.0,0.0,1.0,0.0,2.0,72.0,0.0,11.0
589,8478868,CHRISTIAN JAROS,,177,10.0,0.0,0.0,0.0,0.0,0.0,0.0,0.0,21.0,0.0,1.0
590,8478870,RUDOLFS BALCERS,12.0,1304,43.0,1.0,0.0,1.0,1.0,0.0,0.0,7.0,113.0,0.0,8.0
591,8478873,TROY TERRY,30.0,1688,27.0,7.0,2.0,4.0,4.0,5.0,0.0,13.0,6.0,0.0,13.0
592,8478874,ADAM GAUDETTE,9.0,895,10.0,2.0,0.0,1.0,0.0,0.0,0.0,2.0,72.0,1.0,6.0
593,8478881,BRETT SENEY,,20,2.0,0.0,0.0,0.0,0.0,0.0,0.0,0.0,3.0,0.0,0.0
594,8478882,VLADISLAV GAVRIKOV,28.0,2029,138.0,1.0,0.0,0.0,0.0,1.0,0.0,2.0,124.0,0.0,31.0
595,8478891,MASON APPLETON,13.0,1354,20.0,0.0,1.0,0.0,1.0,0.0,0.0,6.0,64.0,0.0,8.0
596,8478904,STEVEN LORENTZ,5.0,1095,14.0,0.0,2.0,0.0,2.0,1.0,0.0,3.0,76.0,2.0,5.0
597,8478906,MARKUS NUTIVAARA,1.0,12,0.0,0.0,0.0,0.0,0.0,0.0,0.0,0.0,1.0,0.0,0.0
598,8478911,MATT ROY,20.0,1859,126.0,0.0,0.0,1.0,1.0,0.0,0.0,0.0,142.0,0.0,11.0
599,8478915,SAMI NIKU,4.0,215,16.0,0.0,0.0,0.0,0.0,0.0,0.0,0.0,5.0,0.0,1.0
600,8478949,KOLE SHERWOOD,,12,0.0,0.0,0.0,0.0,0.0,0.0,0.0,0.0,3.0,0.0,0.0
601,8478967,LANE PEDERSON,2.0,427,10.0,0.0,0.0,0.0,0.0,0.0,0.0,0.0,54.0,0.0,5.0
602,8478970,JALEN CHATFIELD,3.0,327,10.0,0.0,0.0,0.0,0.0,0.0,0.0,0.0,32.0,0.0,4.0
603,8478975,MASON MARCHMENT,29.0,1075,10.0,2.0,2.0,0.0,4.0,1.0,0.0,6.0,135.0,1.0,22.0
604,8478996,ADAM BROOKS,1.0,297,5.0,0.0,0.0,0.0,0.0,1.0,0.0,0.0,11.0,0.0,1.0
605,8479026,PHILIPPE MYERS,3.0,526,17.0,0.0,0.0,0.0,0.0,0.0,0.0,1.0,50.0,0.0,6.0
606,8479066,RYAN LOMBERG,9.0,982,9.0,1.0,0.0,0.0,1.0,1.0,0.0,7.0,133.0,4.0,16.0
607,8479249,ANDREW POTURALSKI,2.0,26,1.0,0.0,0.0,0.0,0.0,0.0,0.0,0.0,0.0,0.0,0.0
608,8479252,DAN RENOUF,,68,2.0,0.0,0.0,0.0,0.0,0.0,0.0,0.0,4.0,1.0,1.0
609,8479289,ETHAN PROW,,101,3.0,0.0,0.0,0.0,0.0,0.0,0.0,1.0,2.0,0.0,0.0
610,8479291,KEVIN ROONEY,8.0,1361,60.0,0.0,0.0,0.0,1.0,1.0,0.0,3.0,122.0,0.0,14.0
611,8479293,BRANDON TANEV,6.0,635,22.0,1.0,1.0,0.0,0.0,0.0,0.0,6.0,98.0,1.0,4.0
612,8479304,KYLE CRISCUOLO,2.0,78,1.0,0.0,0.0,0.0,0.0,0.0,0.0,0.0,6.0,0.0,1.0
613,8479314,MATTHEW TKACHUK,68.0,2100,24.0,2.0,1.0,0.0,4.0,4.0,0.0,32.0,107.0,2.0,34.0
614,8479315,JOEY ANDERSON,,66,0.0,0.0,0.0,0.0,0.0,0.0,0.0,0.0,3.0,0.0,0.0
615,8479316,LUKE KUNIN,10.0,1646,49.0,2.0,2.0,1.0,1.0,3.0,0.0,4.0,237.0,9.0,22.0
616,8479318,AUSTON MATTHEWS,51.0,1846,68.0,9.0,0.0,7.0,8.0,8.0,2.0,27.0,99.0,0.0,8.0
617,8479320,MAXIME LAJOIE,,79,5.0,0.0,0.0,0.0,0.0,0.0,0.0,0.0,3.0,0.0,0.0
618,8479321,LUCAS JOHANSEN,1.0,19,,,,,,,,,,,
619,8479322,WADE ALLISON,,12,0.0,0.0,0.0,0.0,0.0,0.0,0.0,0.0,1.0,0.0,0.0
620,8479323,ADAM FOX,81.0,2834,167.0,1.0,0.0,0.0,3.0,1.0,0.0,10.0,47.0,0.0,13.0
621,8479324,RYAN LINDGREN,14.0,2556,182.0,0.0,0.0,0.0,1.0,1.0,0.0,2.0,159.0,0.0,28.0
622,8479325,CHARLIE MCAVOY,51.0,2397,138.0,0.0,0.0,0.0,1.0,0.0,0.0,9.0,178.0,2.0,29.0
623,8479328,JULIEN GAUTHIER,4.0,684,14.0,1.0,0.0,0.0,0.0,0.0,0.0,1.0,98.0,0.0,4.0
624,8479333,LIBOR HAJEK,1.0,321,26.0,0.0,0.0,0.0,0.0,0.0,0.0,0.0,7.0,0.0,3.0
625,8479335,RASMUS ASPLUND,19.0,1548,14.0,0.0,0.0,1.0,0.0,2.0,0.0,3.0,30.0,0.0,5.0
626,8479336,CARL GRUNDSTROM,7.0,960,25.0,1.0,0.0,1.0,3.0,1.0,0.0,5.0,156.0,0.0,12.0
627,8479337,ALEX DEBRINCAT,37.0,1897,35.0,1.0,0.0,7.0,15.0,2.0,0.0,15.0,101.0,1.0,7.0
628,8479338,MARKUS NIEMELAINEN,1.0,344,19.0,0.0,0.0,0.0,0.0,0.0,0.0,0.0,82.0,0.0,2.0
629,8479339,PATRIK LAINE,30.0,1202,13.0,0.0,0.0,7.0,6.0,2.0,0.0,9.0,34.0,0.0,12.0
630,8479341,CAM DINEEN,7.0,706,43.0,0.0,0.0,0.0,0.0,0.0,0.0,0.0,22.0,0.0,1.0
631,8479343,CLAYTON KELLER,35.0,1667,31.0,2.0,0.0,2.0,3.0,0.0,0.0,19.0,16.0,0.0,13.0
632,8479344,JESSE PULJUJARVI,23.0,1520,26.0,2.0,2.0,1.0,3.0,0.0,0.0,7.0,111.0,0.0,11.0
633,8479345,JAKOB CHYCHRUN,14.0,1229,66.0,0.0,0.0,3.0,1.0,0.0,0.0,3.0,51.0,1.0,14.0
634,8479346,DILLON DUBE,15.0,1806,20.0,1.0,0.0,0.0,4.0,3.0,0.0,8.0,122.0,0.0,11.0
635,8479347,TYLER BENSON,1.0,333,3.0,0.0,0.0,1.0,0.0,0.0,0.0,0.0,45.0,0.0,4.0
636,8479348,KALE CLAGUE,8.0,707,23.0,0.0,0.0,1.0,1.0,0.0,0.0,0.0,14.0,0.0,9.0
637,8479351,SAM STEEL,14.0,1102,27.0,1.0,0.0,0.0,0.0,2.0,0.0,2.0,37.0,0.0,8.0
638,8479353,BRETT HOWDEN,11.0,727,36.0,1.0,1.0,0.0,1.0,1.0,0.0,5.0,62.0,0.0,5.0
639,8479355,OLLI JUOLEVI,,323,10.0,0.0,0.0,0.0,0.0,0.0,0.0,0.0,14.0,0.0,3.0
640,8479356,KIEFFER BELLOWS,13.0,711,14.0,0.0,0.0,0.0,1.0,1.0,0.0,3.0,103.0,1.0,7.0
641,8479359,BECK MALENSTYN,,151,7.0,0.0,0.0,0.0,0.0,0.0,0.0,1.0,34.0,1.0,2.0
642,8479362,RILEY TUFTE,,111,4.0,0.0,0.0,0.0,0.0,0.0,0.0,1.0,9.0,0.0,2.0
643,8479364,TIM GETTINGER,,109,5.0,0.0,0.0,0.0,0.0,0.0,0.0,0.0,15.0,0.0,0.0
644,8479365,TRENT FREDERIC,10.0,1011,23.0,2.0,0.0,1.0,0.0,2.0,0.0,3.0,127.0,5.0,18.0
645,8479366,LOGAN BROWN,7.0,553,13.0,1.0,0.0,0.0,0.0,0.0,0.0,3.0,22.0,0.0,4.0
646,8479367,WILLIAM LOCKWOOD,,204,9.0,0.0,0.0,0.0,0.0,0.0,0.0,0.0,49.0,1.0,2.0
647,8479368,MAX JONES,,29,0.0,0.0,0.0,0.0,0.0,0.0,0.0,0.0,2.0,1.0,0.0
648,8479369,ANDREW PEEKE,13.0,2018,169.0,0.0,0.0,0.0,0.0,0.0,0.0,1.0,191.0,2.0,23.0
649,8479370,TYSON JOST,12.0,1494,39.0,0.0,2.0,0.0,0.0,0.0,0.0,6.0,57.0,0.0,16.0
650,8479371,DANTE FABBRO,21.0,1718,113.0,0.0,1.0,0.0,1.0,0.0,0.0,1.0,84.0,0.0,13.0
651,8479372,JOSH MAHURA,4.0,703,51.0,0.0,0.0,1.0,1.0,0.0,0.0,1.0,63.0,0.0,6.0
652,8479373,JONATHAN DAHLEN,10.0,1199,34.0,0.0,0.0,0.0,0.0,3.0,0.0,8.0,15.0,0.0,6.0
653,8479376,VICTOR METE,7.0,759,38.0,0.0,0.0,0.0,0.0,0.0,0.0,0.0,13.0,0.0,2.0
654,8479378,LOGAN STANLEY,11.0,1153,98.0,0.0,0.0,0.0,0.0,0.0,0.0,0.0,127.0,4.0,12.0
655,8479379,GIVANI SMITH,3.0,538,20.0,2.0,0.0,0.0,1.0,0.0,0.0,0.0,83.0,10.0,13.0
656,8479382,CONNOR BUNNAMAN,,227,2.0,0.0,0.0,0.0,0.0,0.0,0.0,0.0,17.0,0.0,2.0
657,8479383,BORIS KATCHOUK,4.0,869,20.0,1.0,0.0,0.0,1.0,0.0,0.0,1.0,138.0,1.0,6.0
658,8479385,JORDAN KYROU,50.0,1753,25.0,2.0,0.0,1.0,7.0,2.0,0.0,20.0,13.0,0.0,12.0
659,8479388,RILEY STILLMAN,10.0,1068,67.0,0.0,0.0,0.0,0.0,1.0,0.0,1.0,122.0,4.0,8.0
660,8479390,TAYLOR RADDYSH,11.0,1242,21.0,2.0,0.0,1.0,4.0,2.0,0.0,2.0,103.0,0.0,3.0
661,8479393,NOAH GREGOR,14.0,1272,49.0,0.0,0.0,0.0,2.0,0.0,0.0,5.0,117.0,1.0,8.0
662,8479395,DENNIS CHOLOWSKI,3.0,205,13.0,0.0,0.0,0.0,0.0,0.0,0.0,0.0,5.0,0.0,1.0
663,8479398,SAMUEL GIRARD,25.0,1979,106.0,0.0,0.0,1.0,0.0,0.0,0.0,5.0,71.0,0.0,9.0
664,8479400,PIERRE-LUC DUBOIS,30.0,1747,42.0,4.0,2.0,1.0,2.0,6.0,1.0,12.0,112.0,0.0,44.0
665,8479402,JAKE BEAN,18.0,1623,71.0,0.0,1.0,1.0,1.0,0.0,0.0,4.0,41.0,0.0,12.0
666,8479404,HENRIK BORGSTROM,3.0,799,19.0,0.0,0.0,0.0,0.0,1.0,0.0,2.0,26.0,0.0,10.0
667,8479407,JESPER BRATT,46.0,1748,30.0,3.0,0.0,1.0,5.0,0.0,0.0,15.0,26.0,0.0,8.0
668,8479410,MIKHAIL SERGACHEV,39.0,2727,165.0,1.0,0.0,1.0,0.0,0.0,0.0,5.0,191.0,3.0,28.0
669,8479413,SEAN DAY,,33,2.0,0.0,0.0,0.0,0.0,0.0,0.0,0.0,4.0,0.0,0.0
670,8479414,NATHAN BASTIAN,6.0,1197,38.0,1.0,0.0,0.0,2.0,4.0,0.0,3.0,209.0,3.0,16.0
671,8479415,MICHAEL MCLEOD,14.0,1609,34.0,1.0,0.0,0.0,0.0,0.0,0.0,5.0,140.0,4.0,14.0
672,8479419,BRETT MURRAY,4.0,342,2.0,0.0,0.0,0.0,0.0,0.0,0.0,2.0,17.0,2.0,3.0
673,8479420,TAGE THOMPSON,30.0,1775,25.0,0.0,1.0,5.0,3.0,0.0,0.0,27.0,66.0,1.0,11.0
674,8479421,JACOB MOVERARE,2.0,395,21.0,0.0,0.0,0.0,0.0,0.0,0.0,0.0,16.0,0.0,1.0
675,8479425,FILIP HRONEK,33.0,1965,81.0,0.0,0.0,3.0,0.0,0.0,0.0,2.0,70.0,0.0,12.0
676,8479439,JACOB MACDONALD,,113,3.0,0.0,0.0,0.0,0.0,0.0,0.0,0.0,9.0,0.0,1.0
677,8479442,TROY STECHER,4.0,665,43.0,0.0,0.0,1.0,0.0,1.0,0.0,1.0,38.0,1.0,4.0
678,8479447,ANTHONY GRECO,,14,1.0,0.0,0.0,0.0,0.0,0.0,0.0,0.0,1.0,0.0,0.0
679,8479458,NIKITA ZAITSEV,9.0,1520,103.0,0.0,0.0,0.0,0.0,0.0,0.0,2.0,128.0,0.0,14.0
680,8479465,DRAKE CAGGIULA,3.0,365,7.0,0.0,0.0,1.0,0.0,0.0,0.0,0.0,17.0,0.0,2.0
681,8479482,MICHAL KEMPNY,1.0,290,19.0,0.0,0.0,1.0,0.0,0.0,0.0,0.0,22.0,0.0,8.0
682,8479511,JANNE KUOKKANEN,10.0,1114,22.0,1.0,0.0,2.0,0.0,1.0,0.0,1.0,33.0,0.0,4.0
683,8479512,KASPER BJORKQVIST,,73,2.0,0.0,0.0,0.0,0.0,0.0,0.0,1.0,9.0,0.0,1.0
684,8479514,REM PITLICK,22.0,1198,28.0,0.0,0.0,2.0,0.0,1.0,0.0,12.0,25.0,0.0,12.0
685,8479516,GARRETT PILON,,28,0.0,0.0,0.0,0.0,0.0,1.0,0.0,0.0,2.0,0.0,0.0
686,8479518,FREDRIK KARLSTROM,1.0,31,,,,,,,,,,,
687,8479520,BRANDON DUHAIME,11.0,1239,20.0,1.0,1.0,0.0,1.0,0.0,0.0,3.0,208.0,13.0,21.0
688,8479523,LUCAS CARLSSON,6.0,747,29.0,0.0,0.0,1.0,0.0,0.0,0.0,2.0,39.0,0.0,5.0
689,8479525,ROSS COLTON,21.0,1833,44.0,2.0,2.0,5.0,5.0,2.0,0.0,11.0,216.0,1.0,10.0
690,8479526,OTTO KOIVULA,2.0,115,4.0,0.0,0.0,0.0,0.0,0.0,0.0,0.0,8.0,0.0,0.0
691,8479534,LINUS HOGBERG,2.0,112,8.0,0.0,0.0,0.0,0.0,0.0,0.0,0.0,0.0,0.0,1.0
692,8479536,AXEL JONSSON-FJALLBY,2.0,427,8.0,0.0,0.0,0.0,0.0,0.0,0.0,2.0,18.0,0.0,2.0
693,8479542,BRANDON HAGEL,23.0,2070,49.0,2.0,0.0,1.0,4.0,3.0,1.0,14.0,97.0,2.0,18.0
694,8479543,MICHAEL PEZZETTA,6.0,596,8.0,0.0,2.0,0.0,1.0,0.0,0.0,2.0,156.0,6.0,16.0
695,8479546,OSKAR STEEN,4.0,328,8.0,1.0,0.0,0.0,0.0,0.0,0.0,1.0,32.0,0.0,3.0
696,8479550,TANNER LACZYNSKI,,16,1.0,0.0,0.0,0.0,0.0,0.0,0.0,0.0,3.0,0.0,0.0
697,8479553,MAXIM MAMIN,7.0,703,17.0,3.0,0.0,0.0,2.0,2.0,0.0,0.0,68.0,1.0,4.0
698,8479573,MIKHAIL MALTSEV,,204,2.0,0.0,0.0,0.0,0.0,0.0,0.0,0.0,31.0,0.0,1.0
699,8479578,CASEY FITZGERALD,6.0,871,35.0,0.0,0.0,0.0,0.0,0.0,0.0,0.0,86.0,4.0,3.0
700,8479580,DYLAN GAMBRELL,4.0,1094,39.0,0.0,0.0,0.0,0.0,1.0,0.0,2.0,103.0,0.0,6.0
701,8479587,RHETT GARDNER,,47,1.0,0.0,0.0,0.0,0.0,0.0,0.0,0.0,5.0,0.0,0.0
702,8479591,MICHAEL EYSSIMONT,,12,,,,,,,,,,,
703,8479597,CHASE PRISKIE,,79,3.0,0.0,0.0,0.0,0.0,0.0,0.0,0.0,3.0,0.0,1.0
704,8479602,JEREMY DAVIES,2.0,113,1.0,0.0,0.0,0.0,0.0,0.0,0.0,0.0,5.0,0.0,1.0
705,8479619,MICHAEL CARCONE,2.0,355,7.0,0.0,0.0,1.0,0.0,1.0,0.0,1.0,31.0,2.0,2.0
706,8479639,DYLAN COGHLAN,10.0,1092,61.0,0.0,0.0,1.0,0.0,0.0,0.0,2.0,62.0,0.0,9.0
707,8479644,MATT LUFF,3.0,300,4.0,0.0,0.0,1.0,0.0,1.0,0.0,1.0,29.0,0.0,2.0
708,8479661,TANNER JEANNOT,18.0,1758,69.0,1.0,5.0,0.0,1.0,4.0,0.0,11.0,329.0,14.0,25.0
709,8479671,MATHIEU OLIVIER,1.0,187,7.0,0.0,0.0,0.0,0.0,0.0,0.0,0.0,35.0,2.0,3.0
710,8479675,TREVOR MOORE,34.0,1903,42.0,3.0,0.0,1.0,2.0,1.0,0.0,11.0,91.0,0.0,13.0
711,8479705,JEFFREY VIEL,2.0,425,11.0,1.0,0.0,0.0,0.0,1.0,0.0,1.0,82.0,8.0,23.0
712,8479718,ALEX BARR-BOULET,3.0,241,3.0,0.0,0.0,0.0,0.0,1.0,0.0,2.0,10.0,0.0,2.0
713,8479729,KRISTIANS RUBINS,,58,2.0,0.0,0.0,0.0,0.0,0.0,0.0,0.0,12.0,0.0,2.0
714,8479772,ZACK MACEWEN,6.0,1082,32.0,0.0,1.0,0.0,1.0,0.0,0.0,1.0,159.0,12.0,19.0
715,8479933,GERRY MAYHEW,1.0,749,26.0,1.0,0.0,2.0,2.0,1.0,0.0,5.0,58.0,0.0,8.0
716,8479941,JUSTIN DANFORTH,4.0,793,22.0,3.0,0.0,0.0,1.0,2.0,0.0,4.0,85.0,0.0,4.0
717,8479944,ZACH ASTON-REESE,10.0,1279,42.0,0.0,0.0,0.0,0.0,1.0,0.0,3.0,231.0,2.0,9.0
718,8479945,GAVIN BAYREUTHER,8.0,775,45.0,0.0,0.0,0.0,0.0,0.0,0.0,0.0,50.0,2.0,6.0
719,8479968,VINNI LETTIERI,5.0,478,17.0,0.0,0.0,2.0,1.0,1.0,0.0,1.0,40.0,0.0,3.0
720,8479972,MASON SHAW,,36,1.0,0.0,0.0,0.0,0.0,0.0,0.0,0.0,6.0,1.0,0.0
721,8479974,NOLAN PATRICK,5.0,404,3.0,0.0,0.0,0.0,0.0,1.0,0.0,1.0,26.0,0.0,3.0
722,8479976,JUUSO VALIMAKI,2.0,195,9.0,0.0,0.0,0.0,0.0,0.0,0.0,0.0,8.0,0.0,4.0
723,8479977,KAILER YAMAMOTO,26.0,1969,47.0,4.0,0.0,0.0,4.0,5.0,0.0,9.0,150.0,0.0,19.0
724,8479980,NICOLAS HAGUE,10.0,1211,80.0,0.0,0.0,2.0,1.0,0.0,0.0,1.0,57.0,0.0,17.0
725,8479981,JONAH GADJOVICH,2.0,556,14.0,0.0,0.0,0.0,0.0,0.0,0.0,1.0,102.0,11.0,6.0
726,8479982,CONOR TIMMINS,,129,9.0,0.0,0.0,0.0,0.0,0.0,0.0,0.0,7.0,0.0,0.0
727,8479983,MARIO FERRARO,12.0,1738,151.0,0.0,0.0,1.0,0.0,1.0,0.0,0.0,140.0,0.0,8.0
728,8479984,CAL FOOTE,9.0,1139,74.0,0.0,0.0,0.0,1.0,0.0,0.0,1.0,107.0,1.0,15.0
729,8479985,CALE FLEURY,,175,14.0,0.0,0.0,0.0,0.0,0.0,0.0,0.0,19.0,0.0,0.0
730,8479986,KOLE LIND,6.0,365,10.0,1.0,0.0,0.0,1.0,0.0,0.0,0.0,18.0,0.0,6.0
731,8479987,MORGAN GEEKIE,15.0,1239,23.0,1.0,0.0,0.0,2.0,0.0,0.0,4.0,55.0,0.0,9.0
732,8479991,JAKE LESCHYSHYN,4.0,654,22.0,0.0,0.0,0.0,0.0,0.0,0.0,2.0,45.0,0.0,4.0
733,8479992,MICHAEL RASMUSSEN,12.0,1568,63.0,1.0,0.0,0.0,5.0,1.0,0.0,7.0,140.0,0.0,27.0
734,8479994,JARET ANDERSON-DOLAN,,129,3.0,0.0,0.0,0.0,0.0,0.0,0.0,0.0,12.0,0.0,2.0
735,8479996,CODY GLASS,1.0,162,4.0,0.0,0.0,0.0,0.0,0.0,0.0,0.0,17.0,0.0,0.0
736,8479998,MIKEY ANDERSON,7.0,1469,80.0,0.0,0.0,1.0,0.0,1.0,0.0,0.0,161.0,0.0,6.0
737,8479999,CASEY MITTELSTADT,13.0,810,12.0,1.0,0.0,0.0,0.0,0.0,0.0,5.0,19.0,0.0,2.0
738,8480001,URHO VAAKANAINEN,6.0,712,28.0,0.0,0.0,0.0,0.0,0.0,0.0,0.0,27.0,0.0,5.0
739,8480002,NICO HISCHIER,39.0,1828,47.0,1.0,1.0,0.0,4.0,2.0,0.0,12.0,48.0,1.0,6.0
740,8480003,JESPER BOQVIST,12.0,1094,16.0,1.0,0.0,1.0,1.0,1.0,0.0,5.0,31.0,0.0,4.0
741,8480005,KRISTIAN VESALAINEN,1.0,642,14.0,0.0,1.0,0.0,0.0,0.0,0.0,0.0,72.0,0.0,3.0
742,8480007,JONAS RONDBJERG,4.0,414,11.0,0.0,0.0,0.0,0.0,0.0,0.0,1.0,13.0,0.0,0.0
743,8480008,ADAM RUZICKA,5.0,446,8.0,0.0,0.0,0.0,0.0,0.0,0.0,5.0,24.0,0.0,4.0
744,8480009,EELI TOLVANEN,12.0,1361,49.0,0.0,0.0,2.0,2.0,3.0,0.0,4.0,181.0,0.0,8.0
745,8480011,KLIM KOSTIN,5.0,508,9.0,0.0,0.0,0.0,1.0,0.0,0.0,3.0,90.0,1.0,9.0
746,8480012,ELIAS PETTERSSON,36.0,1806,43.0,2.0,1.0,5.0,2.0,1.0,0.0,19.0,49.0,0.0,5.0
747,8480014,GABRIEL VILARDI,2.0,469,9.0,0.0,1.0,1.0,0.0,1.0,0.0,2.0,8.0,0.0,3.0
748,8480015,OWEN TIPPETT,11.0,1121,16.0,1.0,0.0,2.0,0.0,3.0,0.0,3.0,98.0,0.0,6.0
749,8480018,NICK SUZUKI,40.0,1959,61.0,0.0,0.0,0.0,3.0,0.0,0.0,17.0,88.0,0.0,15.0
750,8480019,ISAAC RATCLIFFE,3.0,158,8.0,0.0,0.0,0.0,0.0,1.0,0.0,0.0,16.0,0.0,4.0
751,8480021,JACK STUDNICKA,3.0,241,5.0,0.0,0.0,0.0,0.0,0.0,0.0,0.0,17.0,0.0,2.0
752,8480023,ROBERT THOMAS,61.0,2005,34.0,0.0,0.0,1.0,5.0,3.0,0.0,13.0,27.0,0.0,13.0
753,8480025,MACKENZIE ENTWISTLE,7.0,796,22.0,1.0,0.0,0.0,1.0,0.0,0.0,3.0,129.0,1.0,5.0
754,8480027,JASON ROBERTSON,41.0,1848,27.0,5.0,1.0,3.0,3.0,4.0,1.0,24.0,55.0,0.0,10.0
755,8480028,MORGAN FROST,11.0,1074,29.0,1.0,0.0,0.0,0.0,0.0,0.0,3.0,44.0,0.0,6.0
756,8480029,ALEX FORMENTON,14.0,1638,24.0,0.0,2.0,2.0,4.0,3.0,0.0,5.0,101.0,3.0,17.0
757,8480031,MAX COMTOIS,10.0,944,17.0,0.0,1.0,0.0,1.0,3.0,0.0,1.0,111.0,2.0,17.0
758,8480035,HENRI JOKIHARJU,16.0,1745,60.0,0.0,0.0,1.0,0.0,0.0,0.0,2.0,73.0,0.0,10.0
759,8480036,MIRO HEISKANEN,33.0,2137,107.0,0.0,0.0,2.0,1.0,0.0,0.0,3.0,62.0,0.0,13.0
760,8480037,ALEKSI HEPONIEMI,1.0,113,1.0,0.0,0.0,0.0,0.0,0.0,0.0,0.0,0.0,0.0,1.0
761,8480039,MARTIN NECAS,31.0,1847,22.0,1.0,0.0,1.0,4.0,1.0,1.0,6.0,70.0,0.0,15.0
762,8480041,DMITRI SAMORUKOV,,4,,,,,,,,,,,
763,8480043,TIMOTHY LILJEGREN,18.0,1427,60.0,0.0,0.0,2.0,0.0,0.0,0.0,3.0,91.0,0.0,7.0
764,8480049,DYLAN SAMBERG,5.0,292,19.0,0.0,0.0,0.0,0.0,0.0,0.0,0.0,21.0,0.0,2.0
765,8480053,SASHA CHMELEVSKI,8.0,350,4.0,0.0,0.0,0.0,0.0,0.0,0.0,0.0,20.0,0.0,2.0
766,8480054,REILLY WALSH,1.0,20,2.0,0.0,0.0,0.0,0.0,0.0,0.0,0.0,0.0,0.0,0.0
767,8480056,JACK RATHBONE,,175,8.0,0.0,0.0,0.0,0.0,0.0,0.0,0.0,5.0,0.0,1.0
768,8480058,PIERRE-OLIVIER JOSEPH,,95,4.0,0.0,0.0,0.0,0.0,0.0,0.0,0.0,6.0,0.0,1.0
769,8480060,SCOTT REEDY,2.0,533,26.0,1.0,0.0,1.0,0.0,3.0,0.0,2.0,14.0,0.0,5.0
770,8480064,JOSH NORRIS,20.0,1610,44.0,0.0,1.0,7.0,9.0,2.0,0.0,15.0,79.0,0.0,7.0
771,8480068,RYAN POEHLING,8.0,963,28.0,0.0,0.0,1.0,1.0,3.0,0.0,4.0,40.0,0.0,2.0
772,8480069,CALE MAKAR,79.0,2789,153.0,2.0,0.0,3.0,5.0,0.0,0.0,23.0,123.0,0.0,17.0
773,8480070,IAN MITCHELL,1.0,141,9.0,0.0,0.0,0.0,0.0,0.0,0.0,0.0,2.0,0.0,0.0
774,8480071,ROBIN SALO,4.0,503,23.0,0.0,0.0,1.0,0.0,0.0,0.0,0.0,7.0,0.0,1.0
775,8480072,LIAS ANDERSSON,1.0,328,3.0,0.0,0.0,0.0,0.0,0.0,0.0,1.0,23.0,0.0,6.0
776,8480073,ERIK BRANNSTROM,14.0,1282,59.0,0.0,0.0,0.0,0.0,0.0,0.0,0.0,39.0,0.0,12.0
777,8480074,ALEXANDRE TEXIER,9.0,695,12.0,0.0,1.0,0.0,2.0,2.0,0.0,5.0,13.0,0.0,4.0
778,8480078,FILIP CHYTIL,16.0,1453,30.0,2.0,0.0,0.0,5.0,1.0,0.0,7.0,38.0,0.0,9.0
779,8480083,C.J. SMITH,,10,0.0,0.0,0.0,0.0,0.0,0.0,0.0,0.0,1.0,0.0,0.0
780,8480087,MIKE VECCHIONE,,10,,,,,,,,,,,
781,8480113,ALEX IAFALLO,23.0,2029,61.0,2.0,1.0,1.0,4.0,1.0,0.0,6.0,54.0,0.0,6.0
782,8480144,DAVID KAMPF,15.0,1890,27.0,3.0,1.0,0.0,0.0,2.0,0.0,6.0,94.0,0.0,12.0
783,8480145,NEAL PIONK,29.0,1975,89.0,0.0,0.0,1.0,1.0,0.0,0.0,1.0,177.0,0.0,22.0
784,8480157,CALLE ROSEN,5.0,625,27.0,0.0,0.0,0.0,1.0,0.0,0.0,1.0,10.0,0.0,3.0
785,8480160,RADIM SIMEK,1.0,694,39.0,0.0,0.0,1.0,0.0,0.0,0.0,0.0,96.0,0.0,4.0
786,8480172,JAN RUTTA,19.0,1876,79.0,1.0,0.0,1.0,0.0,0.0,0.0,1.0,110.0,2.0,20.0
787,8480184,GUSTAV LINDSTROM,12.0,1264,71.0,0.0,0.0,0.0,1.0,0.0,0.0,0.0,59.0,0.0,10.0
788,8480185,EETU LUOSTARINEN,18.0,1729,53.0,2.0,0.0,1.0,1.0,4.0,0.0,2.0,120.0,0.0,6.0
789,8480188,FABIAN ZETTERLUND,5.0,258,7.0,0.0,0.0,0.0,2.0,0.0,0.0,1.0,16.0,0.0,0.0
790,8480192,JOHNATHAN KOVACEVIC,,59,3.0,0.0,0.0,0.0,0.0,0.0,0.0,0.0,0.0,0.0,1.0
791,8480196,JACOB BRYSON,9.0,1870,73.0,0.0,0.0,0.0,0.0,0.0,0.0,1.0,55.0,0.0,5.0
792,8480205,EMIL BEMSTROM,5.0,587,6.0,0.0,0.0,0.0,1.0,0.0,0.0,5.0,36.0,0.0,2.0
793,8480208,DRAKE BATHERSON,27.0,1061,15.0,3.0,0.0,0.0,2.0,2.0,0.0,8.0,89.0,0.0,11.0
794,8480216,JACOB PETERSON,5.0,1074,24.0,3.0,1.0,0.0,1.0,1.0,0.0,5.0,28.0,0.0,6.0
795,8480220,NOAH CATES,4.0,316,6.0,0.0,0.0,0.0,0.0,2.0,0.0,3.0,21.0,0.0,2.0
796,8480222,SEBASTIAN AHO,10.0,837,42.0,0.0,0.0,0.0,1.0,0.0,0.0,1.0,32.0,0.0,5.0
797,8480226,MARIAN STUDENIC,2.0,615,16.0,0.0,0.0,0.0,1.0,0.0,0.0,1.0,30.0,0.0,3.0
798,8480231,JAKUB GALVAS,,136,9.0,0.0,0.0,0.0,0.0,0.0,0.0,0.0,2.0,0.0,0.0
799,8480259,BEN JONES,,24,1.0,0.0,0.0,0.0,0.0,0.0,0.0,0.0,4.0,0.0,1.0
800,8480281,ALEXEI TOROPCHENKO,2.0,547,24.0,1.0,0.0,0.0,0.0,0.0,0.0,1.0,92.0,1.0,6.0
801,8480289,MORGAN BARRON,3.0,368,8.0,0.0,0.0,0.0,0.0,0.0,0.0,2.0,49.0,0.0,4.0
802,8480292,CARSON MEYER,2.0,155,2.0,0.0,0.0,0.0,0.0,0.0,0.0,1.0,27.0,0.0,3.0
803,8480293,WYATT KALYNUK,,76,0.0,0.0,0.0,0.0,0.0,0.0,0.0,0.0,9.0,0.0,1.0
804,8480304,JAYDEN HALBGEWACHS,1.0,53,0.0,0.0,0.0,0.0,0.0,0.0,0.0,0.0,3.0,0.0,2.0
805,8480306,GRANT HUTTON,,309,12.0,0.0,0.0,0.0,0.0,0.0,0.0,1.0,15.0,0.0,2.0
806,8480326,SHELDON DRIES,1.0,161,6.0,0.0,0.0,0.0,0.0,1.0,0.0,1.0,9.0,0.0,0.0
807,8480336,SEAN WALKER,2.0,133,9.0,0.0,0.0,0.0,0.0,0.0,0.0,0.0,9.0,0.0,2.0
808,8480355,MARK KASTELIC,2.0,221,10.0,1.0,0.0,0.0,0.0,0.0,0.0,1.0,51.0,2.0,2.0
809,8480384,ALEXANDER TRUE,,92,2.0,0.0,0.0,0.0,0.0,0.0,0.0,0.0,22.0,0.0,1.0
810,8480434,SEAN DURZI,26.0,1591,136.0,0.0,0.0,2.0,1.0,0.0,0.0,1.0,84.0,3.0,22.0
811,8480441,TREY FIX-WOLANSKY,1.0,62,4.0,0.0,0.0,0.0,0.0,0.0,0.0,1.0,7.0,0.0,0.0
812,8480443,KRISTIAN REICHEL,1.0,204,10.0,0.0,0.0,0.0,0.0,0.0,0.0,0.0,14.0,1.0,1.0
813,8480448,PARKER KELLY,5.0,669,30.0,0.0,1.0,1.0,2.0,0.0,0.0,2.0,131.0,1.0,10.0
814,8480459,PIUS SUTER,21.0,1655,37.0,1.0,0.0,0.0,3.0,2.0,0.0,8.0,23.0,0.0,11.0
815,8480466,JOEY KEANE,,18,0.0,0.0,0.0,0.0,0.0,0.0,0.0,0.0,1.0,0.0,1.0
816,8480467,AUSTIN STRAND,2.0,147,5.0,0.0,0.0,0.0,0.0,0.0,0.0,0.0,7.0,0.0,0.0
817,8480727,ZACH WHITECLOUD,11.0,1364,112.0,0.0,0.0,0.0,1.0,1.0,0.0,6.0,97.0,0.0,9.0
818,8480748,KIEFER SHERWOOD,1.0,129,4.0,0.0,0.0,0.0,0.0,0.0,0.0,0.0,12.0,0.0,0.0
819,8480762,ERIC ROBINSON,17.0,1275,20.0,1.0,0.0,0.0,3.0,1.0,0.0,4.0,95.0,0.0,9.0
820,8480776,SHELDON REMPAL,,9,,,,,,,,,,,
821,8480789,OLIVER WAHLSTROM,11.0,1190,19.0,2.0,0.0,0.0,2.0,0.0,0.0,7.0,101.0,3.0,20.0
822,8480796,MARTIN FEHERVARY,9.0,2161,123.0,2.0,0.0,1.0,0.0,0.0,0.0,5.0,289.0,0.0,17.0
823,8480797,JOEL FARABEE,17.0,1496,38.0,3.0,0.0,1.0,3.0,1.0,0.0,8.0,73.0,2.0,16.0
824,8480798,PHILIPP KURASHEV,15.0,1162,30.0,1.0,1.0,0.0,0.0,0.0,0.0,4.0,31.0,0.0,6.0
825,8480800,QUINN HUGHES,60.0,2113,56.0,1.0,0.0,0.0,1.0,0.0,0.0,5.0,19.0,0.0,14.0
826,8480801,BRADY TKACHUK,37.0,1875,25.0,2.0,4.0,2.0,5.0,3.0,0.0,12.0,270.0,5.0,34.0
827,8480802,RYAN MCLEOD,13.0,1612,34.0,4.0,0.0,0.0,1.0,1.0,0.0,6.0,40.0,0.0,9.0
828,8480803,EVAN BOUCHARD,37.0,2209,129.0,1.0,0.0,7.0,1.0,2.0,0.0,4.0,99.0,0.0,15.0
829,8480806,ISAC LUNDESTROM,13.0,1745,55.0,4.0,0.0,0.0,0.0,1.0,0.0,7.0,38.0,0.0,4.0
830,8480807,MATTIAS SAMUELSSON,10.0,1133,60.0,0.0,0.0,0.0,0.0,0.0,0.0,0.0,100.0,0.0,7.0
831,8480813,JOE VELENO,7.0,1107,25.0,1.0,0.0,0.0,3.0,0.0,0.0,4.0,123.0,0.0,8.0
832,8480814,NICOLAS BEAUDIN,,16,1.0,0.0,0.0,0.0,0.0,0.0,0.0,0.0,0.0,0.0,0.0
833,8480817,K'ANDRE MILLER,18.0,2765,124.0,0.0,1.0,0.0,2.0,1.0,1.0,4.0,197.0,0.0,17.0
834,8480821,FILIP ZADINA,14.0,1232,32.0,2.0,0.0,2.0,2.0,0.0,0.0,4.0,55.0,0.0,4.0
835,8480822,MARTIN KAUT,,82,3.0,0.0,0.0,0.0,0.0,0.0,0.0,0.0,6.0,0.0,0.0
836,8480823,ALEXANDER ALEXEYEV,,16,0.0,0.0,0.0,0.0,0.0,0.0,0.0,0.0,1.0,0.0,1.0
837,8480829,JESPERI KOTKANIEMI,19.0,1280,20.0,2.0,0.0,0.0,2.0,2.0,0.0,6.0,87.0,2.0,11.0
838,8480830,ANDREI SVECHNIKOV,40.0,1912,21.0,5.0,0.0,2.0,7.0,2.0,0.0,17.0,241.0,1.0,42.0
839,8480831,ALEC REGULA,,348,21.0,0.0,0.0,0.0,0.0,0.0,0.0,1.0,21.0,0.0,6.0
840,8480835,JACK DRURY,,46,2.0,0.0,0.0,0.0,0.0,0.0,0.0,2.0,4.0,0.0,1.0
841,8480839,RASMUS DAHLIN,40.0,2362,91.0,1.0,0.0,4.0,2.0,0.0,0.0,6.0,121.0,0.0,32.0
842,8480842,FILIP HALLANDER,,12,,,,,,,,,,,
843,8480844,GRIGORI DENISENKO,,18,2.0,0.0,0.0,0.0,0.0,0.0,0.0,0.0,1.0,0.0,1.0
844,8480845,RASMUS KUPARI,8.0,1050,18.0,1.0,1.0,0.0,1.0,0.0,0.0,2.0,75.0,0.0,6.0
845,8480846,SAMPO RANTA,,159,6.0,0.0,0.0,0.0,0.0,0.0,0.0,0.0,9.0,0.0,1.0
846,8480847,RYAN MERKLEY,5.0,818,22.0,0.0,0.0,0.0,1.0,0.0,0.0,0.0,12.0,0.0,4.0
847,8480848,TY DELLANDREA,,43,0.0,0.0,0.0,0.0,0.0,0.0,0.0,0.0,5.0,0.0,0.0
848,8480849,BARRETT HAYTON,14.0,1368,33.0,1.0,0.0,0.0,2.0,1.0,0.0,5.0,82.0,0.0,8.0
849,8480853,LIAM FOUDY,,17,0.0,0.0,0.0,0.0,0.0,0.0,0.0,0.0,1.0,0.0,0.0
850,8480855,JACK MCBAIN,1.0,241,9.0,1.0,0.0,0.0,0.0,1.0,0.0,0.0,33.0,0.0,3.0
851,8480858,CAMERON HILLIS,,16,,,,,,,,,,,
852,8480860,KEVIN BAHL,3.0,365,15.0,0.0,0.0,1.0,0.0,0.0,0.0,0.0,28.0,0.0,5.0
853,8480863,GABRIEL FORTIER,,142,5.0,0.0,0.0,0.0,1.0,0.0,0.0,0.0,24.0,0.0,2.0
854,8480865,NOAH DOBSON,38.0,2026,154.0,1.0,0.0,6.0,0.0,1.0,0.0,5.0,78.0,0.0,9.0
855,8480870,BENOIT-OLIVIER GROULX,2.0,275,6.0,0.0,0.0,0.0,0.0,0.0,0.0,0.0,19.0,0.0,1.0
856,8480871,ADAM BOQVIST,11.0,1117,47.0,0.0,0.0,2.0,6.0,0.0,0.0,3.0,26.0,0.0,6.0
857,8480873,RASMUS SANDIN,11.0,1090,39.0,1.0,0.0,1.0,1.0,0.0,0.0,2.0,88.0,0.0,2.0
858,8480878,NILS LUNDKVIST,3.0,497,15.0,0.0,0.0,0.0,0.0,0.0,0.0,1.0,15.0,0.0,0.0
859,8480879,JACOB BERNARD-DOCKER,1.0,150,3.0,0.0,0.0,0.0,0.0,0.0,0.0,0.0,4.0,0.0,2.0
860,8480883,TY SMITH,14.0,1411,70.0,1.0,0.0,0.0,3.0,0.0,0.0,1.0,45.0,0.0,10.0
861,8480884,CALEN ADDISON,2.0,258,6.0,0.0,1.0,1.0,0.0,0.0,0.0,0.0,12.0,0.0,1.0
862,8480887,JORDAN HARRIS,,190,11.0,0.0,0.0,0.0,1.0,0.0,0.0,0.0,10.0,0.0,2.0
863,8480890,JAN JENIK,1.0,191,4.0,0.0,0.0,0.0,1.0,0.0,0.0,1.0,25.0,1.0,3.0
864,8480901,KARSON KUHLMAN,7.0,730,20.0,0.0,0.0,1.0,0.0,0.0,0.0,1.0,71.0,0.0,3.0
865,8480913,JORDAN GROSS,,12,0.0,0.0,0.0,0.0,0.0,0.0,0.0,0.0,1.0,0.0,2.0
866,8480945,JUUSO RIIKOLA,1.0,97,2.0,0.0,0.0,0.0,0.0,0.0,0.0,0.0,13.0,0.0,1.0
867,8480950,ILYA LYUBUSHKIN,14.0,1941,101.0,0.0,0.0,1.0,0.0,0.0,0.0,1.0,215.0,1.0,27.0
868,8480979,NATHAN SMITH,2.0,191,6.0,0.0,1.0,0.0,0.0,0.0,0.0,1.0,26.0,0.0,1.0
869,8480980,CONNOR DEWAR,4.0,511,22.0,0.0,0.0,0.0,0.0,0.0,0.0,2.0,48.0,1.0,6.0
870,8480988,RILEY DAMIANI,1.0,90,0.0,0.0,0.0,0.0,0.0,0.0,0.0,1.0,4.0,0.0,1.0
871,8480990,DECLAN CHISHOLM,,32,1.0,0.0,0.0,0.0,0.0,0.0,0.0,0.0,1.0,0.0,0.0
872,8481003,HUNTER DREW,,26,0.0,0.0,0.0,0.0,0.0,0.0,0.0,0.0,5.0,1.0,0.0
873,8481004,JOSIAH SLAVIN,1.0,245,4.0,0.0,0.0,0.0,0.0,0.0,0.0,0.0,12.0,0.0,1.0
874,8481014,ALEXANDER ROMANOV,9.0,1759,142.0,0.0,0.0,2.0,0.0,0.0,0.0,1.0,226.0,3.0,13.0
875,8481019,DAVID GUSTAFSSON,,9,,,,,,,,,,,
876,8481032,PAUL COTTER,,93,1.0,0.0,0.0,0.0,0.0,0.0,0.0,2.0,17.0,0.0,3.0
877,8481058,JESSE YLONEN,3.0,231,4.0,0.0,0.0,1.0,1.0,0.0,0.0,0.0,5.0,0.0,1.0
878,8481059,SCOTT PERUNOVICH,10.0,509,16.0,0.0,0.0,0.0,0.0,0.0,0.0,0.0,8.0,0.0,5.0
879,8481061,JASPER WEATHERBY,6.0,820,24.0,0.0,0.0,0.0,1.0,1.0,0.0,3.0,52.0,0.0,6.0
880,8481068,YEGOR SHARANGOVICH,22.0,1694,26.0,3.0,0.0,1.0,4.0,3.0,0.0,11.0,30.0,3.0,2.0
881,8481077,JOHN LEONARD,1.0,243,8.0,0.0,0.0,0.0,0.0,0.0,0.0,1.0,13.0,0.0,0.0
882,8481093,RAFAEL HARVEY-PINARD,,79,3.0,0.0,0.0,0.0,0.0,0.0,0.0,1.0,12.0,0.0,0.0
883,8481102,EGOR SOKOLOV,,120,4.0,0.0,0.0,0.0,0.0,0.0,0.0,0.0,13.0,0.0,2.0
884,8481122,SIMON BENOIT,4.0,989,39.0,0.0,0.0,0.0,1.0,0.0,0.0,0.0,168.0,2.0,6.0
885,8481133,COLE REINHARDT,,13,0.0,0.0,0.0,0.0,0.0,0.0,0.0,0.0,2.0,0.0,1.0
886,8481147,REESE JOHNSON,5.0,580,14.0,0.0,0.0,0.0,0.0,0.0,0.0,0.0,141.0,2.0,3.0
887,8481161,JAKE CHRISTIANSEN,,101,6.0,0.0,0.0,0.0,0.0,0.0,0.0,1.0,9.0,0.0,0.0
888,8481167,BRAYDEN PACHAL,,29,1.0,0.0,0.0,0.0,0.0,0.0,0.0,0.0,2.0,0.0,0.0
889,8481178,EGOR ZAMULA,,201,19.0,0.0,0.0,0.0,0.0,0.0,0.0,0.0,5.0,0.0,1.0
890,8481186,LOGAN O'CONNOR,19.0,1855,66.0,1.0,0.0,0.0,1.0,0.0,0.0,6.0,125.0,3.0,15.0
891,8481239,SAMUEL FAGEMO,,72,3.0,0.0,0.0,0.0,0.0,0.0,0.0,0.0,2.0,0.0,0.0
892,8481433,TARO HIROSE,3.0,205,2.0,0.0,0.0,0.0,0.0,0.0,0.0,1.0,9.0,0.0,2.0
893,8481441,JOE SNIVELY,3.0,178,3.0,0.0,0.0,0.0,0.0,0.0,0.0,4.0,2.0,0.0,1.0
894,8481461,COREY SCHUENEMAN,4.0,468,40.0,0.0,0.0,1.0,0.0,0.0,0.0,1.0,15.0,0.0,4.0
895,8481477,NICO STURM,13.0,1465,38.0,3.0,1.0,1.0,1.0,1.0,0.0,2.0,126.0,0.0,7.0
896,8481481,BLAKE LIZOTTE,15.0,1400,14.0,2.0,0.0,0.0,2.0,1.0,0.0,4.0,82.0,0.0,15.0
897,8481489,JON LIZOTTE,,18,4.0,0.0,0.0,0.0,0.0,0.0,0.0,0.0,3.0,0.0,1.0
898,8481517,BRETT LEASON,3.0,473,14.0,0.0,0.0,0.0,1.0,0.0,0.0,2.0,17.0,0.0,2.0
899,8481518,NOLAN FOOTE,1.0,100,1.0,0.0,0.0,0.0,1.0,0.0,0.0,2.0,8.0,0.0,0.0
900,8481521,RONNIE ATTARD,2.0,335,17.0,0.0,0.0,0.0,0.0,0.0,0.0,2.0,24.0,0.0,4.0
901,8481522,PEYTON KREBS,15.0,1097,8.0,1.0,0.0,1.0,0.0,1.0,0.0,4.0,25.0,0.0,11.0
902,8481523,KIRBY DACH,17.0,1528,44.0,1.0,0.0,0.0,1.0,0.0,0.0,7.0,49.0,1.0,19.0
903,8481524,BOWEN BYRAM,21.0,1241,42.0,0.0,0.0,2.0,0.0,2.0,0.0,1.0,98.0,0.0,11.0
904,8481527,KAEDAN KORCZAK,,22,1.0,0.0,0.0,0.0,0.0,0.0,0.0,0.0,0.0,0.0,0.0
905,8481528,DYLAN COZENS,25.0,1609,22.0,1.0,1.0,1.0,1.0,2.0,0.0,7.0,35.0,1.0,16.0
906,8481530,BRAYDEN TRACEY,,11,,,,,,,,,,,
907,8481532,ALEX TURCOTTE,,135,2.0,0.0,0.0,0.0,0.0,0.0,0.0,0.0,8.0,0.0,1.0
908,8481533,TREVOR ZEGRAS,38.0,1580,27.0,1.0,0.0,5.0,5.0,3.0,1.0,8.0,56.0,0.0,19.0
909,8481535,NILS HOGLANDER,8.0,1097,16.0,3.0,0.0,0.0,3.0,1.0,0.0,2.0,41.0,0.0,12.0
910,8481537,NIKITA OKHOTIUK,1.0,94,1.0,0.0,0.0,1.0,0.0,0.0,0.0,0.0,16.0,0.0,1.0
911,8481540,COLE CAUFIELD,19.0,1365,7.0,1.0,0.0,2.0,2.0,0.0,0.0,16.0,18.0,0.0,5.0
912,8481542,MORITZ SEIDER,42.0,2091,160.0,0.0,0.0,2.0,1.0,0.0,0.0,4.0,151.0,0.0,16.0
913,8481546,CAM YORK,7.0,721,40.0,0.0,0.0,1.0,0.0,0.0,0.0,1.0,20.0,0.0,3.0
914,8481550,ADAM BECKMAN,1.0,45,1.0,0.0,0.0,0.0,0.0,0.0,0.0,0.0,1.0,0.0,1.0
915,8481552,ARTEMI KNIAZEV,,19,0.0,0.0,0.0,0.0,0.0,0.0,0.0,0.0,1.0,0.0,0.0
916,8481553,BOBBY BRINK,4.0,192,2.0,0.0,0.0,0.0,0.0,0.0,0.0,0.0,15.0,0.0,0.0
917,8481554,KAAPO KAKKO,14.0,1157,18.0,0.0,0.0,0.0,1.0,1.0,0.0,7.0,16.0,0.0,5.0
918,8481555,MATTIAS NORLINDER,1.0,94,3.0,0.0,0.0,0.0,0.0,0.0,0.0,0.0,4.0,0.0,1.0
919,8481557,MATT BOLDY,24.0,895,27.0,1.0,1.0,1.0,3.0,2.0,0.0,8.0,26.0,0.0,6.0
920,8481559,JACK HUGHES,30.0,1093,14.0,4.0,0.0,1.0,8.0,0.0,0.0,8.0,6.0,0.0,0.0
921,8481560,ARTHUR KALIYEV,13.0,1463,13.0,1.0,0.0,1.0,6.0,2.0,0.0,3.0,34.0,0.0,13.0
922,8481568,ALEX VLASIC,1.0,284,16.0,0.0,0.0,0.0,0.0,0.0,0.0,1.0,15.0,0.0,0.0
923,8481572,VILLE HEINOLA,5.0,232,7.0,0.0,0.0,0.0,0.0,0.0,0.0,0.0,9.0,0.0,5.0
924,8481575,LASSI THOMSON,5.0,350,9.0,0.0,0.0,0.0,0.0,0.0,0.0,0.0,23.0,0.0,1.0
925,8481577,PHILIP TOMASINO,21.0,1171,31.0,1.0,1.0,0.0,2.0,0.0,0.0,7.0,52.0,0.0,6.0
926,8481580,CONNOR MCMICHAEL,10.0,974,23.0,0.0,0.0,0.0,2.0,1.0,0.0,5.0,51.0,0.0,5.0
927,8481581,THOMAS HARLEY,3.0,592,30.0,0.0,0.0,0.0,1.0,0.0,0.0,0.0,30.0,0.0,2.0
928,8481582,NICHOLAS ROBERTSON,,155,2.0,0.0,0.0,0.0,1.0,0.0,0.0,0.0,10.0,0.0,2.0
929,8481596,SHANE PINTO,1.0,80,1.0,0.0,0.0,0.0,0.0,0.0,0.0,0.0,0.0,0.0,1.0
930,8481598,PHILIP BROBERG,2.0,415,11.0,0.0,0.0,0.0,0.0,0.0,0.0,1.0,10.0,0.0,4.0
931,8481599,VICTOR SODERSTROM,,338,23.0,0.0,0.0,0.0,0.0,0.0,0.0,0.0,14.0,0.0,3.0
932,8481600,TOBIAS BJORNFOT,8.0,1477,58.0,0.0,0.0,0.0,0.0,0.0,0.0,0.0,61.0,0.0,2.0
933,8481604,PAVEL DOROFEYEV,,21,1.0,0.0,0.0,0.0,0.0,0.0,0.0,0.0,0.0,0.0,0.0
934,8481606,JORDAN SPENCE,6.0,614,33.0,0.0,1.0,1.0,0.0,0.0,0.0,0.0,38.0,0.0,1.0
935,8481609,VLADISLAV KOLYACHONOK,2.0,644,35.0,0.0,0.0,1.0,0.0,0.0,0.0,0.0,38.0,0.0,3.0
936,8481617,VASILY PODKOLZIN,12.0,1393,33.0,1.0,2.0,0.0,3.0,0.0,0.0,7.0,84.0,0.0,13.0
937,8481618,ALEX NEWHOOK,24.0,1474,46.0,1.0,0.0,2.0,2.0,1.0,0.0,6.0,45.0,0.0,7.0
938,8481624,ILYA MIKHEYEV,13.0,1285,20.0,4.0,1.0,0.0,2.0,2.0,0.0,13.0,70.0,0.0,9.0
939,8481626,ARTTU RUOTSALAINEN,2.0,305,6.0,0.0,0.0,0.0,0.0,1.0,0.0,1.0,14.0,0.0,3.0
940,8481641,JOEL KIVIRANTA,7.0,940,30.0,0.0,0.0,0.0,0.0,0.0,0.0,1.0,109.0,0.0,7.0
941,8481655,COLE SCHWINDT,,53,2.0,0.0,0.0,0.0,0.0,0.0,0.0,0.0,5.0,0.0,0.0
942,8481656,ALIAKSEI PROTAS,6.0,530,12.0,0.0,0.0,0.0,0.0,0.0,1.0,2.0,20.0,0.0,0.0
943,8481657,VIKTOR LODIN,,14,,,,,,,,,,,
944,8481701,SANTERI HATAKKA,2.0,192,7.0,0.0,0.0,0.0,0.0,0.0,0.0,0.0,5.0,0.0,1.0
945,8481703,VALTTERI PUUSTINEN,1.0,14,0.0,0.0,0.0,0.0,0.0,0.0,0.0,0.0,1.0,0.0,0.0
946,8481708,ZAC JONES,2.0,213,13.0,0.0,0.0,0.0,0.0,0.0,0.0,0.0,4.0,0.0,0.0
947,8481711,MATIAS MACCELLI,5.0,417,7.0,1.0,0.0,0.0,0.0,0.0,0.0,0.0,12.0,0.0,1.0
948,8481720,NICHOLAS ABRUZZESE,,137,3.0,0.0,1.0,0.0,0.0,0.0,0.0,0.0,7.0,0.0,1.0
949,8481740,TYCE THOMPSON,,41,0.0,0.0,0.0,0.0,0.0,0.0,0.0,0.0,2.0,0.0,0.0
950,8481815,BRYCE KINDOPP,,9,,,,,,,,,,,
951,8481827,BEN MCCARTNEY,,34,0.0,0.0,0.0,0.0,0.0,0.0,0.0,0.0,7.0,0.0,2.0
952,8481849,ZACHARY HAYES,,50,1.0,0.0,0.0,0.0,0.0,0.0,0.0,0.0,12.0,0.0,0.0
953,8482055,DREW O'CONNOR,2.0,320,8.0,1.0,1.0,0.0,0.0,0.0,0.0,1.0,13.0,0.0,2.0
954,8482061,BRANDON BIRO,,17,0.0,0.0,0.0,0.0,0.0,0.0,0.0,0.0,1.0,0.0,0.0
955,8482062,COLE SMITH,,97,1.0,0.0,0.0,0.0,0.0,0.0,0.0,0.0,21.0,0.0,0.0
956,8482067,CONNOR MACKEY,1.0,71,1.0,0.0,0.0,0.0,0.0,0.0,0.0,0.0,4.0,0.0,1.0
957,8482070,MITCHELL CHAFFEE,,20,0.0,0.0,0.0,0.0,0.0,0.0,0.0,0.0,7.0,0.0,0.0
958,8482072,JACK AHCAN,,126,5.0,0.0,0.0,0.0,0.0,0.0,0.0,1.0,8.0,0.0,0.0
959,8482073,BRADEN SCHNEIDER,12.0,1166,69.0,0.0,0.0,0.0,1.0,0.0,0.0,1.0,85.0,1.0,6.0
960,8482077,DYLAN HOLLOWAY,,7,0.0,0.0,0.0,0.0,0.0,0.0,0.0,0.0,1.0,0.0,0.0
961,8482078,LUCAS RAYMOND,34.0,1668,24.0,3.0,0.0,2.0,7.0,1.0,0.0,9.0,62.0,0.0,8.0
962,8482079,MARCO ROSSI,,43,1.0,0.0,0.0,0.0,0.0,0.0,0.0,0.0,1.0,0.0,2.0
963,8482089,JAKE NEIGHBOURS,1.0,124,1.0,0.0,0.0,0.0,0.0,0.0,0.0,1.0,10.0,0.0,1.0
964,8482093,SETH JARVIS,28.0,1507,24.0,1.0,1.0,0.0,3.0,4.0,0.0,9.0,107.0,0.0,11.0
965,8482097,JACK QUINN,1.0,40,1.0,0.0,0.0,0.0,0.0,0.0,0.0,1.0,0.0,0.0,0.0
966,8482109,ALEXIS LAFRENIRE,19.0,1751,37.0,4.0,0.0,3.0,1.0,2.0,0.0,10.0,158.0,2.0,19.0
967,8482110,DAWSON MERCER,25.0,1762,34.0,3.0,0.0,0.0,4.0,1.0,2.0,7.0,26.0,0.0,13.0
968,8482111,JUSTIN BARRON,1.0,159,5.0,0.0,0.0,0.0,0.0,0.0,0.0,0.0,5.0,0.0,0.0
969,8482113,ANTON LUNDELL,26.0,1542,62.0,2.0,0.0,1.0,5.0,1.0,0.0,10.0,32.0,0.0,10.0
970,8482116,TIM STTZLE,36.0,1679,52.0,5.0,0.0,0.0,6.0,0.0,0.0,8.0,125.0,1.0,15.0
971,8482117,LUKAS REICHEL,1.0,191,3.0,0.0,0.0,0.0,0.0,0.0,0.0,0.0,0.0,0.0,0.0
972,8482124,QUINTON BYFIELD,5.0,708,11.0,0.0,0.0,0.0,1.0,0.0,0.0,1.0,20.0,0.0,12.0
973,8482125,ALEXANDER HOLTZ,2.0,156,2.0,0.0,0.0,0.0,0.0,0.0,0.0,0.0,5.0,0.0,1.0
974,8482133,THOMAS BORDELEAU,5.0,152,4.0,0.0,0.0,0.0,0.0,0.0,0.0,0.0,3.0,0.0,0.0
975,8482142,JAMIE DRYSDALE,28.0,1872,72.0,0.0,0.0,0.0,2.0,0.0,0.0,1.0,40.0,0.0,8.0
976,8482148,HENDRIX LAPIERRE,,74,2.0,0.0,0.0,0.0,0.0,0.0,0.0,1.0,1.0,0.0,1.0
977,8482149,COLE PERFETTI,5.0,313,2.0,0.0,1.0,0.0,0.0,0.0,0.0,1.0,17.0,0.0,0.0
978,8482150,JACOB PERREAULT,,14,1.0,0.0,0.0,0.0,0.0,0.0,0.0,0.0,0.0,0.0,0.0
979,8482175,JJ PETERKA,,63,2.0,0.0,0.0,0.0,0.0,0.0,0.0,0.0,1.0,0.0,0.0
980,8482192,ISAAK PHILLIPS,,66,1.0,0.0,0.0,0.0,0.0,0.0,0.0,0.0,3.0,0.0,2.0
981,8482197,ADAM RASKA,,62,0.0,0.0,0.0,0.0,0.0,0.0,0.0,0.0,15.0,1.0,1.0
982,8482222,ALEXANDER BARABANOV,28.0,1486,39.0,0.0,0.0,0.0,2.0,3.0,0.0,5.0,52.0,0.0,6.0
983,8482241,RADIM ZOHORNA,4.0,260,3.0,0.0,0.0,0.0,0.0,0.0,0.0,2.0,23.0,0.0,2.0
984,8482243,LINUS SANDIN,,13,2.0,0.0,0.0,0.0,0.0,0.0,0.0,0.0,0.0,0.0,0.0
985,8482245,ARTEM ZUB,16.0,2045,124.0,0.0,0.0,2.0,3.0,0.0,0.0,1.0,155.0,0.0,28.0
986,8482408,JEFF MALOTT,,8,0.0,0.0,0.0,0.0,0.0,0.0,0.0,0.0,3.0,0.0,1.0
987,8482475,YEGOR CHINAKHOV,7.0,1058,16.0,1.0,0.0,0.0,2.0,0.0,0.0,3.0,50.0,0.0,7.0
988,8482624,DANIIL MIROMANOV,1.0,154,6.0,0.0,0.0,0.0,0.0,0.0,0.0,0.0,5.0,0.0,1.0
989,8482634,ALEX STEEVES,1.0,40,1.0,0.0,0.0,0.0,0.0,0.0,0.0,0.0,1.0,0.0,0.0
990,8482635,MIKE HARDMAN,2.0,301,12.0,0.0,0.0,0.0,0.0,0.0,0.0,0.0,60.0,1.0,3.0
991,8482641,MATT KIERSTED,1.0,189,17.0,1.0,0.0,0.0,0.0,0.0,0.0,0.0,10.0,0.0,1.0
992,8482652,WALKER DUEHR,,14,,,,,,,,,,,
993,8482654,JACKSON CATES,,160,3.0,0.0,0.0,0.0,0.0,0.0,0.0,1.0,4.0,0.0,0.0
994,8482655,J.J. MOSER,11.0,1048,55.0,0.0,0.0,2.0,0.0,0.0,0.0,1.0,32.0,0.0,8.0
995,8482660,KENT JOHNSON,3.0,136,1.0,0.0,0.0,0.0,0.0,0.0,0.0,0.0,4.0,0.0,1.0
996,8482665,MATTY BENIERS,6.0,193,4.0,0.0,0.0,0.0,0.0,1.0,0.0,2.0,7.0,0.0,0.0
997,8482667,WILLIAM EKLUND,4.0,180,4.0,0.0,0.0,0.0,0.0,0.0,0.0,0.0,4.0,0.0,1.0
998,8482671,OWEN POWER,1.0,225,9.0,0.0,0.0,0.0,0.0,0.0,0.0,1.0,1.0,0.0,1.0
999,8482705,COLE SILLINGER,15.0,1479,43.0,0.0,2.0,1.0,4.0,4.0,0.0,4.0,98.0,1.0,16.0
1000,8482745,MASON MCTAVISH,1.0,159,6.0,0.0,0.0,0.0,0.0,1.0,0.0,0.0,8.0,0.0,1.0
1001,8482815,KIRILL SEMYONOV,,45,0.0,0.0,0.0,0.0,0.0,0.0,0.0,0.0,4.0,0.0,0.0
1002,8482834,JESPER FRODEN,,116,5.0,0.0,0.0,0.0,0.0,1.0,0.0,0.0,8.0,0.0,1.0
1003,8483397,MARC MCLAUGHLIN,,166,2.0,1.0,0.0,0.0,2.0,0.0,0.0,0.0,15.0,0.0,2.0
1004,8483565,NICK BLANKENBURG,2.0,155,12.0,0.0,0.0,0.0,1.0,0.0,0.0,0.0,19.0,0.0,2.0
1005,8483570,BEN MEYERS,,71,1.0,1.0,0.0,0.0,0.0,0.0,0.0,0.0,1.0,0.0,0.0
